G_ddmn,G_vdmn,G_sal,G_rcen,G_lcen,A_ddmn,A_vdmn,A_sal,A_rcen,A_lcen,H_ddmn,H_vdmn,H_sal,H_rcen,H_lcen
0.147763744,0.336139172,0.490456969,-0.204939365,0.292340577,0.065382227,-0.303319991,-0.227803692,0.544356227,0.170390487,NaN,NaN,NaN,NaN,NaN
0.126895428,-0.010954346,0.161796212,0.331229985,0.436496615,0.35663867,0.336304575,-0.185740292,0.166669145,0.379537255,NaN,NaN,NaN,NaN,NaN
0.374584883,0.30359441,0.237126231,0.527305603,0.652518749,-0.011135177,0.007887297,-0.336732745,-0.075001478,-0.317261904,NaN,NaN,NaN,NaN,NaN
0.165026024,0.410787195,0.214029342,0.396562338,0.527400017,0.348138034,0.46932891,-0.205590412,0.400790572,0.43448171,NaN,NaN,NaN,NaN,NaN
0.476277322,0.15135251,0.877490997,0.432436496,0.823019087,-0.428463519,-0.276407272,-0.823513746,-0.28963834,-0.621336162,NaN,NaN,NaN,NaN,NaN
0.400536746,0.161118343,0.687087536,0.315649748,0.602888465,-0.151991785,-0.392768025,-0.427326381,0.096511573,-0.244456038,NaN,NaN,NaN,NaN,NaN
0.456129581,0.134246573,0.482119858,0.204896733,0.440004975,-0.200680211,0.028441543,-0.440571487,0.05284135,-0.11165563,NaN,NaN,NaN,NaN,NaN
0.291033596,0.073652908,0.227955237,0.286163568,0.549886584,0.200588256,0.430106759,-0.654741287,0.428243816,0.154607609,NaN,NaN,NaN,NaN,NaN
0.484762192,0.22621797,0.580352008,0.509895027,0.69429636,-0.256738544,-0.068620645,-0.590538204,-0.225244701,-0.350929648,NaN,NaN,NaN,NaN,NaN
0.061080243,-0.403607666,0.683559835,0.163812146,0.447433352,0.076545887,0.488948464,-0.542304039,0.242209524,-0.048042495,NaN,NaN,NaN,NaN,NaN
-0.037551876,0.453664035,0.844914973,0.345525444,0.328047693,0.103299752,-0.265224159,-0.595368028,-0.016888166,0.193023846,NaN,NaN,NaN,NaN,NaN
0.230755076,0.311228722,0.273738712,0.525654793,0.574949324,-0.005246525,-0.014771647,-0.30495587,-0.18985565,-0.163025022,NaN,NaN,NaN,NaN,NaN
0.167878836,0.183072925,0.338808566,0.247155175,0.632472456,0.191160098,-0.034101799,-0.274755985,0.140852943,-0.077595182,NaN,NaN,NaN,NaN,NaN
0.247459427,0.113379508,0.514067709,0.343868971,0.629378736,0.13449198,0.135699794,-0.464792103,0.244342402,0.015667124,NaN,NaN,NaN,NaN,NaN
0.456631333,-0.19157052,0.783187747,0.149831265,0.397319049,-0.291742206,0.255785733,-0.692608058,0.079629235,0.014683655,NaN,NaN,NaN,NaN,NaN
0.158598632,0.027533213,0.265755117,0.392861724,0.410652965,-0.101248331,0.073501959,-0.366536915,-0.000102786,0.075047128,NaN,NaN,NaN,NaN,NaN
0.039089065,0.216631547,0.647024751,0.006550586,0.399252802,0.203862578,0.069053896,-0.576117396,0.346160829,0.074016131,NaN,NaN,NaN,NaN,NaN
0.12532261,0.104757898,0.381940961,0.263858646,0.379759461,0.244394779,0.163462251,-0.23004204,0.134396881,0.167225614,NaN,NaN,NaN,NaN,NaN
0.248940885,0.142403394,0.399780273,0.170244277,0.447329104,0.051445313,0.199031651,-0.251579225,0.094680376,0.130370259,NaN,NaN,NaN,NaN,NaN
0.720697761,0.689371705,0.902258515,0.489007503,0.692833543,-0.600736141,-0.622700393,-0.820772052,-0.420538545,-0.53417933,NaN,NaN,NaN,NaN,NaN
0.362189442,-0.02385339,0.634385586,0.100737013,0.533403039,0.148484275,0.39526391,-0.071550198,0.509852111,0.239875287,NaN,NaN,NaN,NaN,NaN
0.173797265,0.476874828,0.524738669,-0.347327352,0.160082936,-0.064468026,-0.403062552,-0.373750299,0.49402836,0.087321363,NaN,NaN,NaN,NaN,NaN
0.178082541,0.258983105,0.697078764,-0.177291006,0.5874421,-0.080341555,-0.421603948,-0.443479568,0.219378427,-0.106259756,NaN,NaN,NaN,NaN,NaN
0.478560925,-0.095876791,0.740285635,-0.003867322,0.584580064,-0.105744302,0.297136903,-0.492600143,0.520425141,-0.034417994,NaN,NaN,NaN,NaN,NaN
-0.058078013,0.514483035,0.679079175,0.196751297,0.16097936,-0.055513389,-0.486349791,-0.394037843,0.11611899,0.32579115,NaN,NaN,NaN,NaN,NaN
0.24689199,0.092744239,0.420550615,0.310659051,0.486439914,-0.064566933,0.09188588,-0.186557382,0.200557023,0.050123625,NaN,NaN,NaN,NaN,NaN
0.599309087,-0.027802408,0.862569511,0.314240128,0.664386928,-0.552201629,-0.105241008,-0.668173432,-0.056886483,-0.190819353,NaN,NaN,NaN,NaN,NaN
0.702621758,-0.007281261,0.788175821,0.684635878,0.773581743,-0.5376454,0.088946514,-0.79456538,-0.441123366,-0.561847866,NaN,NaN,NaN,NaN,NaN
0.241471648,0.357480437,0.622684598,0.278524309,0.462655574,-0.193328291,-0.235937521,-0.527163923,0.118904576,-0.062410641,NaN,NaN,NaN,NaN,NaN
0.388057083,-0.014067003,0.418435127,0.557460606,0.400272489,-0.056548133,0.256258339,-0.565616786,-0.315155983,0.099143684,0.207404196,0.279316008,0.028191822,0.210932985,0.125518441
0.6768502,0.474827558,0.847927988,0.263536841,0.806393206,-0.503648579,-0.309701532,-0.764034152,0.021079833,-0.556533396,0.218622863,0.44906655,0.247050062,0.209146678,0.41342622
0.38260594,0.268438011,0.353625119,0.479309559,0.43614167,0.202431276,0.258995593,-0.475671142,0.287878603,0.146668613,0.194158077,0.283379108,0.090706296,0.285236418,0.166196704
0.461972862,0.057555817,0.633613467,0.633779764,0.573379934,-0.201284856,0.023372104,-0.520525992,-0.435610503,-0.264377475,0.092140973,0.099358834,0.022855368,0.050988864,0.048907839
0.217806056,0.211089835,0.509909332,0.091941044,0.335420102,0.226934016,0.100742556,-0.630740166,0.463005304,0.295196652,0.188974231,0.057791322,0.213245898,0.276918381,0.328156739
0.353901953,0.408502787,0.269317627,0.485082775,0.572471619,0.065604188,-0.202879563,-0.387580633,-0.036198799,-0.06289798,0.136867672,0.117240578,0.104100399,0.082610272,0.200479582
0.119742133,-0.049550347,0.459437996,0.269329548,0.330191404,0.172107056,0.155197322,-0.607715189,0.060312476,0.13724044,-0.000846393,0.027633712,0.376868784,0.081282258,0.08300925
0.095256664,0.197738573,0.632871568,0.05179444,0.268572181,0.189631104,-0.173116148,-0.723373711,0.371263504,0.130855218,0.127953529,0.072506845,0.126035199,0.228453442,0.185012504
0.433218151,0.636713982,0.762953877,-0.198822886,0.283310652,-0.394953787,-0.556644976,-0.662716508,0.425372303,0.073202103,NaN,NaN,NaN,NaN,NaN
0.197670415,0.151276305,0.789794564,0.284077257,0.76931417,0.000663389,-0.01659305,-0.798509419,-0.13907598,-0.533643723,NaN,NaN,NaN,NaN,NaN
0.700039506,0.169959247,0.737816334,0.562887728,0.674075246,-0.423697293,-0.030324932,-0.68537885,-0.224587023,-0.294476688,0.068195567,0.160529017,0.216906562,0.115776628,0.157659769
0.138305768,0.358009666,0.634747624,0.054967571,0.262795597,0.21425736,-0.106799908,-0.542777956,0.332045734,0.324062675,0.151156217,0.269563645,0.187761292,0.209334716,0.386876434
0.372156143,0.225841254,0.620108068,0.320556045,0.611342549,-0.062550716,0.004668357,-0.759884775,0.104390442,-0.203073904,0.13463679,0.066786595,0.22051999,0.109596729,0.155069813
0.568937957,0.064940333,0.373931795,0.512437403,0.404392332,-0.351029128,-0.087224878,-0.31584987,-0.218082786,-0.184521601,0.14278318,0.190022498,0.065942645,0.083421409,-0.087235071
0.345851034,0.594766557,0.148109257,0.087736435,0.273405671,-0.264162451,-0.568821073,-0.001148268,0.090033777,0.035293106,NaN,NaN,NaN,NaN,NaN
0.042548586,0.633232117,0.39425385,-0.128037721,0.142606035,-0.048814882,-0.602967978,-0.1471093,0.281210035,0.213725626,0.155346513,0.225377396,0.211098999,0.096443839,0.105033338
0.428053051,0.287431359,0.719048142,0.050189998,0.716715932,-0.555775344,-0.031631641,-0.21103476,0.318947047,-0.110493205,0.163095012,0.348284572,0.349693477,0.24572444,0.414474189
0.483111948,0.204087332,0.280099601,0.488892943,0.418069094,-0.009076917,0.077086002,-0.432048976,0.195952952,0.12342602,NaN,NaN,NaN,NaN,NaN
0.394503355,0.136366725,0.393718362,0.38741985,0.662019312,0.380852282,0.285141081,-0.427805483,0.308626711,0.076162174,NaN,NaN,NaN,NaN,NaN
0.763572216,0.236185253,0.840557456,0.147722259,0.612774611,-0.678215742,-0.119706169,-0.803184748,0.047634106,-0.354216695,NaN,NaN,NaN,NaN,NaN
-0.26603961,0.376985967,0.197319731,-0.259787142,0.28009975,0.461372435,-0.168896317,-0.299667209,0.639995933,0.164806217,NaN,NaN,NaN,NaN,NaN
0.742078185,0.73844707,0.844258904,-0.048974171,0.77142626,-0.605512023,-0.657753527,-0.676448047,0.201126158,-0.5228073,0.141565427,0.171326622,0.211016044,0.113214307,0.186898604
0.32888785,0.212484449,0.390591413,0.598093092,0.553903222,-0.146843746,-0.016313933,-0.444379508,-0.241768181,-0.142694086,0.021378128,0.152563155,-0.019186823,0.19402872,0.124133706
0.290676683,0.546716869,0.569502652,-0.124428637,0.016268831,-0.291882962,-0.463719428,-0.495899349,0.219371244,0.239071622,0.17747958,0.201354235,0.316520661,0.069993429,0.18173106
0.594537675,0.233793691,0.502399266,0.515704334,0.635123312,-0.307209134,0.072608054,-0.462158799,-0.070001498,-0.214830294,0.394687414,0.187203452,0.32100749,0.447004437,0.657375574
0.216590807,0.232364982,0.184176743,0.156379506,0.334130347,0.227657169,-0.154030174,-0.197444141,0.304336458,0.327720702,0.051561344,0.103409298,0.082742244,0.072455585,0.123742864
0.499913156,0.141214281,0.496816576,0.632159591,0.646110892,-0.443861336,-0.222440466,-0.319938958,-0.483094305,-0.340964168,NaN,NaN,NaN,NaN,NaN
0.272857457,0.218221262,0.436862379,0.201649159,0.399628878,-0.057644505,0.120461524,-0.646649539,0.213225752,0.049760967,NaN,NaN,NaN,NaN,NaN
0.50092715,0.154748723,0.378227562,0.601009309,0.533438683,-0.189602286,0.051420547,-0.495816499,-0.273106277,-0.228731126,NaN,NaN,NaN,NaN,NaN
0.349613667,0.268815815,0.42028591,0.231913537,0.600500107,0.28863886,0.353248179,-0.335478365,0.548558116,0.17014955,0.209662274,0.135828093,0.150450319,0.211567342,0.326259851
0.491701871,0.26633957,0.803924739,0.33879143,0.698203325,-0.101757511,-0.030046934,-0.531266987,0.166466132,-0.172013626,NaN,NaN,NaN,NaN,NaN
-0.069411524,0.167557493,0.188926145,-0.009004605,0.307631761,0.220753744,-0.124739915,-0.079890907,0.213864774,0.056724768,0.122704737,0.228026062,0.152273268,0.223285928,0.102113783
0.339819133,-0.096086755,0.633867979,0.299090624,0.490029782,0.121363163,0.32394588,-0.5489344,0.250741571,0.033498783,0.31682083,0.303620994,-0.032431535,0.38080743,0.356215894
0.164583579,0.263989359,0.316295683,0.269382596,0.530081153,0.072775513,0.111735307,-0.52352035,0.134770945,-0.07707727,0.15221183,0.170737535,0.058750805,0.125275582,0.121073492
0.383250803,0.099212296,0.42734471,0.062635876,0.579209507,-0.105911709,0.087635219,-0.529918373,0.314012527,-0.236301929,0.237160444,0.003309402,0.265148401,0.125850156,0.108708136
0.395440549,0.293122023,0.587137163,0.416596204,0.512113273,-0.256280869,-0.317376286,-0.507055521,-0.102925099,-0.273462653,NaN,NaN,NaN,NaN,NaN
0.686558187,0.518783212,0.164764002,0.560343266,0.660453856,-0.505745471,-0.487299383,-0.08827804,-0.37397185,-0.296469271,0.069487147,0.085766792,0.184098855,0.123785071,0.033540931
0.602983952,-0.09633974,0.487291545,0.441173762,0.661566436,-0.449995011,0.036433224,-0.3475326,-0.104001224,-0.455321163,NaN,NaN,NaN,NaN,NaN
0.530173302,0.370554715,0.597054482,0.400706261,0.588917434,-0.370197862,-0.2670196,-0.703957021,-0.056110553,-0.243459344,NaN,NaN,NaN,NaN,NaN
0.350280285,-0.037667301,0.423289239,0.372999847,0.489963293,-0.003518946,0.435753167,-0.649306059,0.110362336,-0.019006928,0.160636559,0.573979139,-0.38536942,0.309803903,0.285413653
0.675985217,0.411826432,0.771365166,0.264482558,0.641792893,-0.653995514,-0.433065742,-0.660857856,-0.092605911,-0.326897919,0.290874064,0.094456799,0.268345237,0.175507829,0.096490532
0.554634929,0.076118924,0.754235744,0.433682323,0.211316511,-0.405047536,-0.091862246,-0.715670228,-0.246082276,-0.004200388,0.370173603,0.112143114,0.47156319,0.388593137,0.069300607
0.703649759,-0.157821685,0.736832917,0.77106005,0.73443681,-0.498094201,0.355879068,-0.784408331,-0.501337409,-0.493154645,NaN,NaN,NaN,NaN,NaN
0.614488065,0.200896502,0.044715989,0.537695587,0.487348884,-0.150534227,0.140777737,-0.210146904,-0.006687605,-0.020898035,NaN,NaN,NaN,NaN,NaN
0.295021445,0.271211743,0.487846941,0.201569229,0.533916593,0.083600909,0.063410595,-0.487826377,0.128041089,-0.022371577,0.09216664,0.060779788,0.209689617,0.087592319,0.170060888
0.340384364,0.110546365,0.495919853,0.074505493,0.384510845,-0.12316075,-0.090401687,-0.368755847,0.082710296,-0.045010097,0.082914017,0.29919979,0.230862543,0.240069389,0.108328268
0.566884756,-0.159566954,0.599201918,0.464253575,0.717923522,-0.35568276,0.115349233,-0.493934363,-0.128085792,-0.447690696,0.066335686,0.095325902,0.047668368,-0.035366971,-0.062664382
0.306776762,-0.013423091,0.310840249,0.520737529,0.458992541,-0.133561507,0.114613935,-0.197834477,-0.301279932,-0.134277716,0.160763457,-0.057166997,0.308746338,0.184354842,0.21695815
0.530882239,0.294412047,0.518167377,0.103836209,0.571090639,-0.08890412,-0.034215394,-0.455480516,0.165021375,-0.128939927,NaN,NaN,NaN,NaN,NaN
0.445888788,-0.11929623,0.425271541,-0.016422899,0.399752289,-0.374751568,0.160361424,-0.353423268,0.192783698,-0.165048674,0.090584092,0.110521637,0.152031764,0.003046754,0.14413929
0.63303709,-0.090569504,0.637654483,-0.007894767,0.488426477,-0.820831478,0.291992754,-0.801611364,0.36284095,0.04484082,0.635808825,0.100957453,0.612057269,0.250432223,0.519920647
0.462993205,0.187103778,0.864275753,0.350291371,0.630940855,-0.410083354,-0.280342221,-0.767141342,-0.181231946,-0.471210718,0.18794018,0.089284338,0.358405739,0.142067671,0.02319237
0.009121475,0.245473921,0.724007607,-0.113251708,0.376175463,0.11790695,-0.26731348,-0.680034816,0.322656274,-0.099561997,0.149696901,0.210488468,0.170013636,0.145056248,0.185144737
0.469671726,0.406201154,0.600357473,0.402740598,0.482060552,-0.311108887,-0.126467913,-0.671485186,-0.110214889,-0.183059707,0.193002954,0.287600309,0.110913277,0.247601971,0.140084743
0.611378133,0.272578835,0.890196919,-0.356868237,0.502372861,-0.609176457,-0.26201129,-0.772247314,0.540361106,-0.221264467,0.020702939,0.089454278,0.104672246,0.309587598,0.170161545
0.377280712,0.121467106,0.379069984,0.208300889,0.445829064,-0.232341886,0.111169867,-0.490220577,0.071137391,-0.228328779,0.126267806,0.072659276,0.147858143,0.149091199,0.239940003
0.331381559,0.405329078,0.439201176,0.277078986,0.404837072,0.073688023,0.022766225,-0.349307299,0.345403254,0.278464526,0.154678136,0.332757562,0.225423649,0.415067136,0.481632203
0.429109424,0.283803374,0.761941135,0.740788281,0.653179646,-0.239564642,-0.277111322,-0.561751187,-0.435732454,-0.265530497,0.161010161,0.075102352,0.327634513,0.353381604,0.357584149
0.595277429,0.19419907,0.021639517,0.615663946,0.525008619,-0.150755018,-0.019373566,-0.232671484,-0.148964792,-0.025382843,0.228916779,0.237211376,0.087021522,0.217260942,0.124585554
0.272332728,-0.057276227,0.537607372,0.578154027,0.634407341,-0.083665326,0.009999809,-0.507439494,-0.211609364,-0.26992926,NaN,NaN,NaN,NaN,NaN
0.268363088,-0.044155836,0.314341366,0.390117198,0.223895729,0.044768684,0.142695159,-0.280837297,0.078217283,0.274498641,0.076312438,0.193631455,0.074396059,0.164570019,0.161409721
0.578362167,0.247020572,0.4747262,0.2619313,0.633162558,-0.434620202,-0.119400643,-0.422259569,0.035339978,-0.242648512,0.150993779,0.285669953,0.248951972,0.226618424,0.168763548
0.568763435,0.752583802,0.750954747,-0.137452066,0.454621047,-0.501872301,-0.676119149,-0.401054233,0.354750812,0.00741615,0.391551316,0.456238776,0.533023477,0.166902974,0.473729044
0.241476417,0.021409119,0.595660388,0.657987595,0.562071562,0.017676685,-0.169879556,-0.603591919,-0.365887403,-0.158998758,0.16151078,0.128006846,0.258679301,0.285177708,0.326221228
0.659047008,0.372613907,0.55064404,0.365671575,0.566915035,-0.356578171,-0.112485565,-0.631075621,0.036188334,-0.15778321,0.311073422,0.273298264,0.123698756,0.188939959,0.165330172
0.561059237,0.263184726,0.444840938,0.606138647,0.840596914,-0.367563754,-0.058583651,-0.743813634,-0.093918636,-0.070407368,NaN,NaN,NaN,NaN,NaN
0.117081918,0.552853107,0.549832046,0.602584839,0.486041009,0.084666617,-0.304114044,-0.607408047,-0.279521823,-0.203006193,NaN,NaN,NaN,NaN,NaN
0.471395284,0.354455978,0.847747207,0.057151381,0.785961866,-0.559435666,-0.385798961,-0.680535257,0.13853927,-0.503651202,0.2648018,0.388905227,0.248065934,0.314790964,0.360103786
0.632207096,-0.062434893,0.861301422,0.455077201,0.730202794,-0.489296675,0.019854089,-0.638306141,-0.122143291,-0.318552166,0.188852713,0.152238578,0.114306897,0.167759702,0.27333653
0.283490151,0.326373219,-0.007470204,0.462787211,0.517266095,0.055526104,0.057727288,-0.36805895,0.152963459,0.190142289,-0.027850902,0.111388057,0.132751167,-0.146858767,-0.041245122
0.483795732,0.480845988,0.634438872,0.169186175,0.601987302,-0.335418969,-0.419946373,-0.256669074,0.232956514,-0.094729125,0.230972841,0.260965556,0.625795782,0.392408907,0.553395092
0.366663605,0.214868054,0.703408182,0.3286933,0.589692593,-0.07819774,0.104546346,-0.642772317,0.008812409,-0.308883339,NaN,NaN,NaN,NaN,NaN
0.147204712,-0.005190087,0.400938272,0.233275592,0.328134507,0.209013969,0.292053401,-0.532152295,0.111813881,0.148759261,NaN,NaN,NaN,NaN,NaN
0.200841516,0.277164131,0.330535769,0.150482908,0.347680181,0.233994812,-0.038689025,-0.377852648,0.257032216,0.061711386,NaN,NaN,NaN,NaN,NaN
0.184684724,-0.005269985,0.246112972,0.179823473,0.212051526,0.133844733,0.275105178,-0.287156314,0.237115592,0.322438717,0.108420961,0.227672696,-0.090005569,0.122551851,0.104284681
0.437117577,0.190336898,0.255726844,0.380406439,0.417706996,-0.223001093,-0.068927899,-0.180789724,0.018296273,0.166457042,0.017778914,0.052479342,0.130553976,0.160081819,0.410694242
0.350958437,-0.193554267,0.364673227,0.228473336,0.528375745,0.084104516,-0.009906437,-0.37427628,0.169406205,0.040325504,0.049076378,0.160328656,0.089305647,0.048252884,0.131369516
0.256798863,-0.034126997,0.43456912,0.271164179,0.29586786,0.155836597,0.192060351,-0.409724981,0.231756568,0.217893571,0.061802395,0.036422614,0.188397199,0.135711625,0.23453933
0.268739462,0.213757768,0.505108356,0.300301909,0.534147739,0.038272727,0.06413155,-0.655502141,-0.029588452,-0.228480428,0.015119191,0.031028435,0.258693635,0.119402729,0.229740858
0.317870319,0.176461831,0.514256656,-0.238159969,0.265826344,-0.003778717,-0.097038396,-0.320164651,0.554674983,0.180315942,NaN,NaN,NaN,NaN,NaN
0.513620198,0.384668499,0.615556538,0.521340489,0.623865604,-0.460481077,-0.333664477,-0.559645772,-0.443733156,-0.348837882,0.27013275,0.136898264,0.238695815,0.262318999,0.19843182
0.429280519,0.002870005,0.507912219,0.186262295,0.453222662,-0.231098354,-0.028520094,-0.373118669,0.031872373,-0.182828158,NaN,NaN,NaN,NaN,NaN
-0.174343243,0.473446012,-0.186070785,0.418437928,0.401397794,0.382898569,-0.338315308,0.16865404,-0.184894443,-0.041156713,0.006230013,0.227918282,0.105411947,0.253953099,0.162928566
0.429480374,0.245506674,0.504270971,0.340094447,0.493117779,0.220461994,0.286167443,-0.511406302,0.308953226,0.169089437,NaN,NaN,NaN,NaN,NaN
0.192073718,-0.051791061,0.451020688,0.307957202,0.466866583,0.082200631,0.22042492,-0.545515239,0.067586318,-0.098267615,0.136579737,0.092946731,0.028065285,0.112689212,0.067466147
0.63443476,-0.183747381,0.836411059,0.476813078,0.315052956,-0.603960931,0.079569928,-0.762370944,-0.393405169,-0.116914794,NaN,NaN,NaN,NaN,NaN
0.678610921,0.122061975,0.436448276,0.540382147,0.625987232,-0.507306337,-0.114775516,-0.266224533,-0.392590225,-0.471280068,NaN,NaN,NaN,NaN,NaN
0.472246945,-0.149371564,0.671806872,0.200942814,0.255865335,-0.299363971,0.34156844,-0.563794136,0.295302451,0.222184271,0.148930863,0.259432465,0.29676494,0.091438256,0.270045966
0.676441967,0.181622803,-0.013238761,0.604293406,0.659270227,-0.206775218,0.063983649,-0.449839771,-0.031024015,-0.144399837,NaN,NaN,NaN,NaN,NaN
0.390177578,0.104998223,0.499359339,0.434940159,0.518333614,-0.154418617,-0.024219522,-0.522732735,-0.025611736,-0.115152322,0.195980623,0.071838208,0.344223678,0.125898957,0.110971756
0.211550549,0.439268798,0.132551402,0.449226916,0.401305258,-0.002492652,-0.036720693,-0.439671338,-0.060893115,0.066115737,NaN,NaN,NaN,NaN,NaN
0.17682752,0.069468074,0.343941569,0.44762513,0.664947391,0.146577254,0.170639828,-0.470880061,0.266273707,0.016761363,NaN,NaN,NaN,NaN,NaN
0.404125273,0.089799911,0.761611104,0.434076399,0.666751623,-0.053120431,-0.038242321,-0.492918044,0.083436914,-0.247355089,NaN,NaN,NaN,NaN,NaN
0.18511948,-0.01237502,0.473451912,-0.100615814,0.109884821,-0.042955067,0.114738591,-0.239456356,0.20448105,0.190481737,NaN,NaN,NaN,NaN,NaN
0.259755105,0.312986225,0.16453892,0.520294309,0.520086646,0.41865617,0.42646268,-0.634537876,0.34482339,0.282934964,NaN,NaN,NaN,NaN,NaN
0.657915473,0.058731273,0.547064662,0.067381188,-0.123018704,-0.558358729,-9.50E-05,-0.492807716,0.059006605,0.292425007,NaN,NaN,NaN,NaN,NaN
0.462709248,0.113804191,0.555814981,0.293061376,0.580668628,0.084688783,0.087285899,-0.450928986,0.202554002,0.003065762,NaN,NaN,NaN,NaN,NaN
0.458049238,0.100939006,0.68045181,0.373010457,0.444179654,-0.069032967,0.055496607,-0.572532654,0.195587546,0.119914033,NaN,NaN,NaN,NaN,NaN
0.470507562,-0.061361309,0.488424808,0.554318666,0.294845253,-0.288142622,0.124710441,-0.330851793,-0.272835672,0.115849271,0.150294065,-0.095752709,0.492553592,0.29842785,0.398047298
0.62664479,0.162202314,0.696009278,0.713742435,0.52797246,-0.34537676,-0.005760532,-0.583782375,-0.227140233,0.039358132,NaN,NaN,NaN,NaN,NaN
0.441641986,0.666347027,0.734425426,0.437780529,0.717541277,-0.208061978,-0.508148134,-0.519988477,-0.141453415,-0.370349139,0.380962253,0.423950374,0.320284575,0.366438389,0.416145414
0.282547772,0.203884572,0.258710086,0.432130277,0.444603086,-0.133682445,0.021711836,-0.227112606,0.07311032,0.078049444,0.085010312,0.161431164,0.0187272,0.294912606,0.225959018
0.390128314,0.22561717,0.751253247,0.300471514,0.744797945,-0.207334757,-0.081984065,-0.640058219,-0.007675212,-0.35214141,NaN,NaN,NaN,NaN,NaN
0.444877535,0.477488339,0.286163807,0.427721292,0.421074599,-0.172156185,-0.277127683,-0.497512728,-0.05997942,-0.028203173,NaN,NaN,NaN,NaN,NaN
0.261982948,-0.063373826,0.691760838,0.053670958,0.63430059,0.011625882,0.297907293,-0.679358125,0.344574571,-0.189419791,NaN,NaN,NaN,NaN,NaN
-0.104054675,0.172401235,0.39616552,0.026734315,0.299499482,0.203691959,0.288355291,-0.294861287,0.52771008,0.176539913,0.133713022,0.061834253,0.027474139,0.138397932,0.031972013
0.570122719,0.41435194,0.006460709,0.702053249,0.673604906,0.337298781,0.171406627,-0.36127907,0.108692102,0.130891949,NaN,NaN,NaN,NaN,NaN
0.105281532,0.295510054,-0.126220837,0.242688388,0.504390001,0.242405117,0.068585321,-0.150225341,0.404363364,-0.025477953,NaN,NaN,NaN,NaN,NaN
0.301350772,0.46183458,0.737981558,0.443969309,0.623635709,-0.090323269,-0.28661567,-0.783544719,-0.169198558,-0.348337412,NaN,NaN,NaN,NaN,NaN
0.393055409,0.17805551,0.594924986,0.579780042,0.636589348,-0.318941951,-0.289682329,-0.468495697,-0.363750756,-0.337528944,0.26522544,0.199172363,0.430907696,0.243749559,0.304189265
0.525019228,0.361516476,0.563648224,0.204120934,0.439260364,-0.389576584,-0.243207365,-0.322420746,0.114405222,-0.145312965,NaN,NaN,NaN,NaN,NaN
0.408335686,0.038298365,0.239841998,0.142193347,0.476157486,-0.126639679,0.247717157,-0.547783673,0.442147702,-0.073861361,0.115036964,0.337046623,-0.05108707,0.418899566,0.278759748
0.184216797,-0.058922973,0.436043948,0.241753072,0.52232039,0.260610789,0.193730697,-0.530004025,0.157253847,-0.172324955,NaN,NaN,NaN,NaN,NaN
0.070757218,0.281036586,0.431007236,-0.180865556,0.390446484,0.10893593,-0.11625617,-0.3770293,0.548973918,-0.059737626,NaN,NaN,NaN,NaN,NaN
0.228082985,0.140797094,0.6170699,0.040790092,0.608108282,0.000872639,-0.000597801,-0.487474501,0.177160412,-0.29639709,0.163294837,-0.108915284,0.341024548,0.080082513,0.124409936
0.42419365,0.265064538,0.147484988,0.408080697,0.476312041,0.052716214,0.030246679,-0.402645111,-0.025932578,0.077280626,NaN,NaN,NaN,NaN,NaN
-0.05298537,0.104047485,0.356834948,0.166566968,0.578899324,0.297896743,0.076500818,-0.271358848,0.178208962,-0.157897145,0.209502459,0.351215452,0.002170785,0.140320331,0.141742408
0.331077546,0.100665912,0.571516991,0.45630753,0.657447398,-0.173971474,-0.036028206,-0.581208467,-0.095865905,-0.361994475,NaN,NaN,NaN,NaN,NaN
0.497378141,-0.077333242,0.521404505,0.336553454,0.397318333,-0.020171685,0.264303476,-0.372159421,0.24139449,0.320485175,-0.092170164,0.099980213,0.056670632,0.035481691,-0.056636021
0.298873752,-0.147442222,0.580338895,0.320790857,0.356151819,0.097250983,0.116650745,-0.19739829,0.331124157,0.287339032,NaN,NaN,NaN,NaN,NaN
0.606732309,-0.013318797,0.414121777,0.288067609,0.45678097,-0.298962981,-0.065617889,-0.041914042,0.150675461,0.026896637,NaN,NaN,NaN,NaN,NaN
0.648427665,0.364326388,0.662383735,0.025350433,0.175954863,-0.581641436,-0.386463463,-0.546225846,0.137178287,-0.033081561,NaN,NaN,NaN,NaN,NaN
0.25965932,0.3629421,0.405975461,0.31921795,0.588935792,0.144530475,-0.003662811,-0.587076604,0.217971027,-0.003832896,NaN,NaN,NaN,NaN,NaN
0.643209279,-0.017502857,0.805520058,0.042998441,0.30582583,-0.429513842,0.082822844,-0.722184241,0.322391242,-0.019151466,0.133254826,0.196325883,0.095412582,0.296712935,0.244195789
0.554479599,0.252711624,0.375666559,-0.068811715,0.569992483,-0.036039967,0.002933738,-0.398099184,0.504839182,-0.14022097,NaN,NaN,NaN,NaN,NaN
0.32215777,0.657309353,0.738397837,0.142953411,0.483304292,0.060548272,-0.514938891,-0.736483335,0.261211544,-0.127991244,NaN,NaN,NaN,NaN,NaN
0.646448493,0.309527874,0.599397779,0.013654961,0.664151967,-0.608669817,-0.229571983,-0.381978512,0.295208722,-0.477556348,0.055243798,0.24738799,0.364744365,0.380236596,0.111391813
0.336350918,0.265151769,0.557142735,0.137974232,0.260574937,-0.065873057,-0.15953891,-0.577713609,0.124222599,0.12165346,NaN,NaN,NaN,NaN,NaN
-0.12757346,0.144434288,0.393151164,-0.278318465,0.157257617,0.065364353,-0.166266635,-0.197233707,0.389427096,0.169095576,NaN,NaN,NaN,NaN,NaN
0.34557116,-0.010076013,0.169300094,0.508746684,0.349251151,-0.029611563,0.078472786,-0.021917678,-0.075896822,0.12739262,NaN,NaN,NaN,NaN,NaN
0.439526647,0.149955854,0.087596044,0.491021276,0.503653407,0.104677901,0.058525667,-0.320002645,0.089417189,0.058347967,NaN,NaN,NaN,NaN,NaN
0.218231291,0.188402891,0.504869282,-0.176135197,0.310794622,-0.0121704,0.024376931,-0.385487437,0.421134591,0.06531968,NaN,NaN,NaN,NaN,NaN
0.472389519,0.078038283,0.471192092,0.390911728,0.592438102,-0.043478817,0.266587317,-0.66019851,0.014335328,-0.274914294,NaN,NaN,NaN,NaN,NaN
0.201864049,0.078755461,0.400530338,0.061652649,0.317116976,0.190404251,-0.065079063,-0.100037493,0.223885342,0.22143124,NaN,NaN,NaN,NaN,NaN
0.090281941,0.154715165,0.44022885,-0.662890315,0.255686462,-0.021541746,-0.108578496,-0.341522783,0.754671514,-0.070998684,0.098079182,0.194077283,0.313549727,0.085640743,0.130067989
0.578526437,0.218514279,0.444895089,0.431608021,0.276286066,-0.332827628,-0.168756798,-0.081742823,-0.237651095,0.219913468,0.047566168,0.034664046,0.302138627,0.062150564,0.414236218
0.306788117,0.267474264,0.51132983,0.332736313,0.747334063,0.165177703,0.080330342,-0.615645051,-0.003747131,-0.419148386,NaN,NaN,NaN,NaN,NaN
0.690324426,-0.01646452,0.693287194,0.632330596,0.374092996,-0.699438989,-0.37336728,-0.519749045,-0.296191543,0.062912107,NaN,NaN,NaN,NaN,NaN
0.144506708,-0.089098528,0.456325203,0.463578612,0.204364553,0.103489004,0.428517103,-0.637089968,-0.175023094,0.162305057,0.226353213,0.28534019,-0.137703523,-0.089766756,0.040586628
0.23983784,-0.009929065,0.437734246,0.349663973,0.566219628,0.240413055,-0.087395549,-0.512286901,0.1300641,-0.341157198,0.202255979,0.032954343,0.067132451,0.143090636,0.033752296
0.323259294,0.032253508,0.407363951,0.247119054,0.428906947,-0.199298322,0.310213506,-0.420230746,0.191099659,-0.009708173,0.252413571,0.105719306,0.144356787,0.1951814,0.382870823
0.395896971,-0.007364881,0.507046163,0.294385284,0.533573031,-0.006071456,0.230393961,-0.377914637,0.112376392,-0.107068576,0.11274647,0.243848532,0.357543916,0.268160939,0.196580872
0.597251892,-0.221876055,0.608454883,0.489419103,0.714759529,-0.501263618,0.112308979,-0.539492905,-0.352997005,-0.593325615,0.327282548,0.156922579,0.528055906,0.211766988,0.237209469
0.016140752,-0.080814585,0.480857164,0.390198737,0.381325483,0.107677385,0.097550817,-0.50134325,-0.103942245,-0.039830338,0.106410876,0.090903372,0.257138491,0.102942653,0.10153041
0.119906835,0.150159001,0.516726553,0.351196915,0.556462467,-0.112718455,-0.006538947,-0.428296536,-0.183458373,-0.208029062,NaN,NaN,NaN,NaN,NaN
0.531890929,-0.232373819,0.461775362,0.126932397,0.144988328,-0.165078193,0.436010599,-0.564210176,0.266526103,0.397292495,NaN,NaN,NaN,NaN,NaN
0.439817131,0.412349582,0.263476342,0.132922933,0.425953358,-0.321093351,-0.338294744,-0.074203111,0.170781493,-0.141465649,0.182228252,0.048564017,0.233693168,0.118220769,0.078916699
0.268190116,-0.554821551,0.610476792,-0.301825196,0.757216275,-0.095081374,0.425118059,-0.389608622,0.388860106,-0.646056294,0.060135424,0.34668839,0.163924217,0.376354218,0.027120486
0.433001101,0.295439124,0.567180693,0.537199855,0.561269581,0.142034933,0.123692244,-0.502171934,0.115036197,-0.294906855,NaN,NaN,NaN,NaN,NaN
0.336187065,-0.214639202,0.423458457,0.42655012,0.472620457,0.088969305,0.074511386,-0.241666675,-0.009686845,-0.056148905,NaN,NaN,NaN,NaN,NaN
0.329597652,0.021911209,0.484064132,0.431223541,0.665365577,0.004696184,0.064627059,-0.596609116,0.166838944,-0.136744961,0.034391966,0.045690451,0.203808382,0.151109427,0.177964732
0.412478179,0.227653205,0.285877436,0.436586529,0.525736153,-0.068093993,0.038558614,-0.353865504,-0.026502175,-0.097384326,NaN,NaN,NaN,NaN,NaN
0.338479429,-0.023014881,0.458334327,0.11179395,0.10593342,0.044854868,0.262516797,-0.093018822,0.459067583,0.538995683,NaN,NaN,NaN,NaN,NaN
0.196342021,0.096532725,0.587943375,0.217312038,0.653635502,0.051357955,0.163496584,-0.56312412,0.152709693,-0.239368349,0.353524804,0.378566951,0.001031564,0.400067359,0.300721616
0.245108157,0.084741145,0.379422396,0.023721792,0.255318135,-0.060462072,-0.01491227,-0.454848975,0.307540774,0.058839392,0.246401191,0.168982968,0.092542917,0.277351826,0.303400755
0.190514237,0.150986433,0.291288316,0.342800856,0.601397932,0.278417498,0.016023694,-0.399234861,0.332030177,-0.186262682,0.192152545,0.12210089,0.155201539,0.156460986,0.219937965
0.323243707,0.225635409,0.319217294,0.394736499,0.541104794,-0.099626251,-0.052018594,-0.424420804,-0.060326546,-0.11501199,0.137080088,0.070152342,0.133630678,0.164830461,0.210386083
0.475516677,0.018187499,0.278468698,0.259934276,0.331461728,-0.228177086,-0.041496668,-0.26640746,0.041237134,0.008507596,NaN,NaN,NaN,NaN,NaN
0.479122877,0.161282405,0.653998554,0.289875537,0.009937841,-0.376137644,-0.235630959,-0.6108585,0.042902842,0.342551559,0.192782626,0.165748313,0.186202079,0.434083372,0.375032067
0.162359446,0.351317704,0.497571826,0.301416218,0.545687556,-0.010377426,-0.116133928,-0.292689472,0.095600531,-0.116240934,NaN,NaN,NaN,NaN,NaN
0.292982638,0.295653909,0.268323809,0.245940626,0.44623521,-0.002425747,-0.227112129,-0.009315186,0.114437811,0.012407482,0.127010047,0.022083601,0.094370387,0.08384832,0.085962184
0.1441167,0.436289638,0.44570294,0.181841597,0.570762277,0.094021119,-0.222712323,-0.343064725,0.080819637,-0.166254446,0.083132803,0.086752847,0.201560855,0.099778421,0.181748837
0.153010383,-0.305815816,0.726728857,-0.044352666,0.549150229,0.233866528,0.469897687,-0.561563849,0.479861975,0.06536819,0.119842194,0.286846638,0.027290866,0.303407282,0.143383816
0.583414972,0.175417885,0.821665406,0.448375016,0.548555672,-0.414848089,-0.275531262,-0.614901602,-0.112965532,-0.206215277,NaN,NaN,NaN,NaN,NaN
0.458500445,-0.445062906,0.717333734,0.236611843,0.694409192,-0.41013369,0.388915628,-0.6349172,0.086033165,-0.373039037,NaN,NaN,NaN,NaN,NaN
0.127464965,0.302131534,0.503855288,-0.508951545,0.303997666,-0.205164656,-0.176207528,-0.556422114,0.663520575,-0.198876008,0.309289157,0.124698035,0.560309231,0.296442896,0.206171468
0.340773165,-0.208854422,0.339007735,-0.254648536,0.486614645,-0.281600118,0.224102348,-0.098262742,0.579643548,-0.238611013,NaN,NaN,NaN,NaN,NaN
0.694248259,-0.036935877,0.473762155,0.577394247,0.67290616,-0.004039757,0.185591847,-0.6640926,0.107956424,-0.059568673,NaN,NaN,NaN,NaN,NaN
0.498840243,0.210930273,0.638168156,0.063144676,0.485951543,-0.162579596,-0.184435904,-0.420682341,0.33371684,0.013740405,NaN,NaN,NaN,NaN,NaN
0.349132836,0.001771789,0.302519053,0.291098148,0.464532226,0.040065408,0.023373587,0.136426657,0.308791846,0.153324202,0.092693537,0.306831956,-0.149504095,0.105688393,0.085703649
0.706880033,-0.064849593,0.449003518,0.863420725,0.690058768,-0.376691043,0.32689929,-0.688098788,-0.504580975,-0.242038414,NaN,NaN,NaN,NaN,NaN
0.053992353,0.163056999,-0.078733534,-0.617236018,0.053348735,0.094171576,-0.167795211,0.320889384,0.797080994,0.175473273,NaN,NaN,NaN,NaN,NaN
0.195156366,0.457344115,0.688751459,0.402906954,0.668179095,-0.047551226,-0.17605117,-0.611061335,0.09271168,-0.192725077,NaN,NaN,NaN,NaN,NaN
0.477889568,-0.064572893,0.491715223,0.255760491,0.330461442,-0.183127373,-0.082477421,-0.494541764,0.21818772,0.166714892,NaN,NaN,NaN,NaN,NaN
0.258711815,0.071708091,0.120727792,0.228916451,0.393033445,0.0366509,-0.015538502,-0.142250955,0.313466549,0.139862597,NaN,NaN,NaN,NaN,NaN
0.718515992,-0.120414905,0.845820248,0.506923437,0.507826388,-0.498128086,0.212481022,-0.660107434,-0.125821233,-0.035761312,NaN,NaN,NaN,NaN,NaN
0.150750816,0.185559615,0.494751781,0.373671561,0.790346682,0.227527216,0.052945949,-0.62463057,0.087201618,-0.407459885,NaN,NaN,NaN,NaN,NaN
0.685530603,0.137295321,0.862489998,0.577887535,0.631427765,-0.787899852,-0.270144224,-0.620243549,-0.344572097,-0.262160718,NaN,NaN,NaN,NaN,NaN
0.346399128,0.014749931,0.645877898,0.369062901,0.581106663,0.223899186,0.019961065,-0.248544157,0.244237229,0.115589924,NaN,NaN,NaN,NaN,NaN
-0.319638819,-0.007207545,0.70704633,-0.064619564,0.230051339,0.317513317,0.125582919,-0.520603061,0.033988595,0.120542735,NaN,NaN,NaN,NaN,NaN
0.458632708,0.282374442,0.223971471,0.410541624,0.529834926,0.136279508,0.109946877,-0.572888374,0.236644402,-0.227979779,NaN,NaN,NaN,NaN,NaN
0.350432098,0.289040625,0.909343064,-0.228031114,0.282738715,-0.152277499,-0.2953026,-0.728972197,0.515830934,0.094132505,NaN,NaN,NaN,NaN,NaN
0.300708622,-0.166114211,0.651719093,-0.198391154,0.299563199,0.129261836,0.397783935,-0.33499831,0.526280284,0.276560426,NaN,NaN,NaN,NaN,NaN
0.221427426,-0.040051419,0.62338829,0.59035629,0.202603057,0.179367095,0.319586128,-0.723442554,-0.289865732,0.030564601,NaN,NaN,NaN,NaN,NaN
0.761705041,-0.105515182,0.457740515,0.495582581,0.649151683,-0.564844549,0.088065937,-0.263064206,-0.063184857,-0.200194746,NaN,NaN,NaN,NaN,NaN
0.377720475,0.425254464,0.050604176,0.375664592,0.100075997,-0.417744547,-0.426336169,0.19043462,-0.263798356,0.174387127,NaN,NaN,NaN,NaN,NaN
-0.219918996,-0.060355566,0.592507362,-0.085330017,-0.060560353,0.493457824,0.328998536,-0.436144561,0.340769082,0.397599161,NaN,NaN,NaN,NaN,NaN
0.402467906,0.021853385,0.603873253,0.486511022,0.430530459,-0.235196993,0.065020464,-0.572057962,-0.231065094,-0.146486178,NaN,NaN,NaN,NaN,NaN
-0.11436078,0.164787635,0.723022282,-0.175707698,-0.280828238,-0.01985619,-0.34898454,-0.758170485,0.138476729,0.337193698,0.203718141,0.184961915,0.328605264,0.068034798,0.043979049
0.380860597,0.25242728,0.637642086,0.43918404,0.501738548,-0.035032541,-0.122065872,-0.753706753,-0.093307376,-0.312836468,0.427265197,0.367929012,0.119651861,0.333113074,-0.04553495
0.584578872,-0.14369373,0.760082006,0.098086223,0.433630109,-0.418365628,0.040124245,-0.5742383,0.144144982,-0.074228257,0.012813922,0.099092297,0.151176259,0.133767158,0.093402512
0.616350055,0.21668449,0.838380635,0.528113663,0.541657686,-0.502962291,-0.132341623,-0.630259395,-0.287699431,-0.1463781,0.123285815,0.080213197,0.100518495,0.186224937,0.338361919
0.267945528,0.04621502,0.787065268,0.102682084,0.582241535,-0.055349205,-0.155444741,-0.631881535,0.430421293,-0.069501363,NaN,NaN,NaN,NaN,NaN
0.513383865,0.111661494,0.346624583,0.622301877,0.616066158,-0.157215267,0.122237794,-0.459891826,-0.13050501,-0.245429546,0.10416878,0.104005657,0.066642143,0.104153775,0.314933479
0.250996053,0.162795544,0.309590459,-0.013612298,0.107807092,-0.033134755,-0.140208259,-0.158732042,0.25925377,0.17487587,NaN,NaN,NaN,NaN,NaN
0.271817356,0.167327315,0.348552406,0.478050619,0.515518904,0.118006907,0.002284524,-0.416773796,0.145091891,0.044282917,0.106211588,0.346599102,0.059805371,0.25349912,0.185438409
0.188455716,0.46645841,0.472285628,0.142938733,0.414399356,0.337096781,-0.122438364,-0.078850538,0.412497789,0.321492851,NaN,NaN,NaN,NaN,NaN
0.450051546,0.019453276,0.619230568,0.340986401,0.678707123,-0.220265105,0.109180912,-0.56690973,-0.054303054,-0.344731003,0.167150199,0.376842022,0.056275871,0.087411106,0.12949346
0.189388156,-0.020678287,0.695553303,0.051304996,0.306954235,0.243101075,0.301226705,-0.618320942,0.366520464,0.270160258,0.314935476,0.273955166,0.046229165,0.241832837,0.20607695
0.456078231,0.285575449,0.784460843,0.079933099,0.422796071,-0.354119062,-0.2971569,-0.642668724,0.096894123,-0.168259174,NaN,NaN,NaN,NaN,NaN
0.317120224,0.071673013,0.519572556,0.155273035,0.010120104,-0.14906925,-0.000138609,-0.549401641,0.037055846,0.202447787,NaN,NaN,NaN,NaN,NaN
0.593185365,0.418005705,0.023093747,0.562783301,0.565529525,-0.406644344,-0.15099822,-0.234770611,-0.237480789,-0.299656123,0.264099419,0.297847867,-0.066765912,0.42759797,0.287814885
0.475173026,0.187323019,0.573160827,0.350977182,0.719382823,0.054002263,0.061241344,-0.159177512,0.334209561,0.027173739,NaN,NaN,NaN,NaN,NaN
0.170925587,0.235769108,0.318148345,0.05921682,-0.039112698,0.120243996,-0.207122356,-0.197585523,0.278571069,0.408364981,0.329574674,0.096592419,-0.026606264,0.379781187,0.139236793
0.637839675,0.054325201,0.478444993,0.228243887,0.30997467,-0.472078592,-0.216438532,-0.232960895,0.086303674,0.071040399,0.218151659,0.250265598,0.282523543,0.136905268,0.241203099
0.490722567,-0.098896608,0.62047267,0.419665247,0.703465998,0.147994146,0.132023469,-0.29135716,0.377356023,0.138887286,NaN,NaN,NaN,NaN,NaN
0.189259455,0.269410938,0.415644825,0.23547186,0.442392915,-0.028457941,-0.320042431,-0.148291871,-0.104219615,-0.009678335,0.088164277,0.195196092,0.296138704,0.235617891,0.089668036
0.374187708,-0.075219072,0.80206883,0.432491541,0.547313154,-0.237695619,0.063631006,-0.616611421,-0.093490615,-0.203273803,NaN,NaN,NaN,NaN,NaN
0.301687747,-0.072563998,0.708280087,0.470380276,0.733268917,-0.065313295,0.201578349,-0.665623188,-0.009620977,-0.319635987,0.098522365,0.081433244,0.172996908,0.231985584,0.311485469
0.486384869,0.192009255,0.694589734,0.174788713,0.528037369,-0.209084764,0.080238223,-0.32888791,0.267877817,-0.028442236,0.240004793,0.267017931,0.272809207,0.291013509,0.347882599
0.723476529,0.123042546,0.862624705,0.695997417,0.749136508,-0.596278489,-0.14364329,-0.664555311,-0.27034539,-0.291639119,NaN,NaN,NaN,NaN,NaN
0.653940797,0.274578184,0.696268916,0.480701298,0.673548341,-0.45957005,-0.199925452,-0.574583948,-0.174641222,-0.416364759,0.274732202,0.131418407,0.213519722,0.177927539,0.176524699
-0.054062869,-0.054791912,0.559202909,-0.199990794,-0.059264302,0.275596172,0.361190856,-0.571399689,0.471186578,0.41629371,0.102797642,0.40451923,-0.006689522,0.371862918,0.320336312
0.671872199,-0.689127326,0.81463331,0.59336108,0.808673322,-0.580077708,0.638500154,-0.729560852,-0.432508945,-0.5865224,NaN,NaN,NaN,NaN,NaN
0.71920222,0.066318803,0.733712733,0.598395586,0.796986759,0.02905306,-0.111158833,-0.310210466,0.251119226,0.080950722,NaN,NaN,NaN,NaN,NaN
0.336762667,0.102479734,0.453518748,0.626125753,0.212494805,0.022200156,0.113593273,-0.534424424,0.057360258,0.316129953,NaN,NaN,NaN,NaN,NaN
0.504900515,-0.218699291,0.410004079,-0.480428576,-0.34869799,-0.458265454,0.306879282,-0.241752267,0.585545957,0.549464345,0.014919329,0.101047032,0.30210799,0.276356786,0.387876689
0.335500658,0.28513518,0.206405327,0.249247357,0.568567157,-0.124443412,0.083146878,-0.443218529,0.164975807,-0.108011059,NaN,NaN,NaN,NaN,NaN
0.363751054,0.330461681,0.373030335,-0.095078826,0.059205145,-0.315733433,-0.356993824,-0.232455045,0.164397433,0.200590178,0.147261962,0.102102295,0.124189906,0.129529417,0.172208443
0.597453713,0.039366696,0.636279762,0.217585608,0.701353788,-0.268808603,0.11823871,-0.712370455,-0.055797715,-0.406473368,NaN,NaN,NaN,NaN,NaN
0.635112643,0.160442919,0.53776741,0.463867694,0.375511616,-0.310730696,-0.247216061,-0.426148057,-0.128691748,-0.019199511,0.175353438,0.122504637,0.092123456,0.100826934,0.137595072
0.6435256,0.096611492,0.876219392,0.544421077,0.503645003,-0.520895541,-0.072974101,-0.673226118,-0.233550817,-0.067910582,NaN,NaN,NaN,NaN,NaN
0.433662534,-0.118613362,0.494773149,0.41967088,0.437249362,-0.06279429,0.163917765,-0.521428347,0.111642875,0.050289325,0.041933786,0.158571094,0.39792484,0.007596672,0.106702991
0.362242371,0.191329136,0.157182604,0.318482339,0.360672921,-0.072566792,0.088516012,-0.411889374,-0.009318755,-0.090211168,NaN,NaN,NaN,NaN,NaN
0.74624896,0.093525648,0.737166405,0.79036063,0.772003949,-0.70572716,-0.20542942,-0.631257355,-0.509835184,-0.532847762,0.413078666,0.178748801,0.531612098,0.461325794,0.354407042
0.30736506,0.21283102,0.380575627,0.383493781,0.525207281,0.000301628,-0.201084793,-0.436532021,-0.200617015,-0.216557011,NaN,NaN,NaN,NaN,NaN
0.218098238,-0.019664144,0.298644841,0.391784608,0.56426084,-0.01749707,0.061322767,-0.401742786,0.008173531,-0.096595459,NaN,NaN,NaN,NaN,NaN
0.302129239,-0.094717301,0.329200238,-0.085754834,0.397700548,-0.135662243,0.325526178,-0.388174564,0.507420659,0.125317812,NaN,NaN,NaN,NaN,NaN
0.540204823,-0.03932254,0.258661926,0.333507568,0.054868843,-0.37220341,0.184233069,-0.154801697,0.095090918,0.284166366,NaN,NaN,NaN,NaN,NaN
0.514289856,0.440909088,0.826463699,0.468360782,0.568120599,-0.292006224,-0.271314263,-0.662826836,-0.124611415,-0.217638806,0.141417593,0.344576448,0.236885235,0.249303892,0.335251212
0.193399712,0.222426862,0.712024331,0.245193645,0.560480535,-0.009173631,-0.218283683,-0.716812193,0.049655601,-0.272116482,NaN,NaN,NaN,NaN,NaN
0.589263499,0.368742436,0.561074078,0.488212973,0.593697846,-0.345555931,-0.279829681,-0.565250158,-0.012021857,-0.189615726,-0.110923082,0.164569139,0.029167542,0.283285022,0.236855894
0.170258701,0.630948722,0.720851958,-0.154374391,-0.087081604,-0.189088047,-0.451040745,-0.472746283,0.482600242,0.425244093,NaN,NaN,NaN,NaN,NaN
0.644056737,0.191929847,0.7100932,0.537908733,0.721542478,-0.43060109,-0.1518628,-0.606628716,-0.203055859,-0.353621006,0.322915465,0.181748405,0.404242218,0.224538207,0.371217787
0.571555912,0.02282658,0.581296563,-0.125984624,0.529011905,-0.413529754,0.042669728,-0.367428452,0.419045568,-0.140760124,0.087020397,0.109296195,0.292911708,0.15881668,0.305449784
0.580483556,0.10860227,0.362759829,0.378766447,0.115691535,-0.523141146,-0.211907968,-0.130528077,-0.141492903,0.221777529,NaN,NaN,NaN,NaN,NaN
0.448800415,0.395054072,0.828382671,-0.035771072,0.521318436,-0.192431688,-0.329963505,-0.505806386,0.392867059,-0.041898455,0.278478831,0.416875362,0.507746756,0.360316008,0.510132372
0.330994278,0.173388019,0.465068042,0.454936892,0.624496937,-0.040232174,0.08307302,-0.458704203,0.05658818,-0.111941852,NaN,NaN,NaN,NaN,NaN
0.458932191,-0.057605341,0.144095436,0.046110112,0.473945022,-0.335891753,0.010490526,0.064691901,0.337352961,-0.251646489,0.195204377,0.129259154,0.383645207,0.363407135,0.121730201
0.231566027,0.165383399,0.453731805,0.271641999,0.429742843,0.18840377,0.137708217,-0.423838168,0.189752653,-0.025163624,0.14000228,0.109625123,0.113351695,0.289325565,0.020934191
0.653219342,-0.06627737,0.845303774,0.60607332,0.82902503,-0.484628558,0.069559678,-0.757968962,-0.293008149,-0.586736381,NaN,NaN,NaN,NaN,NaN
0.525683641,0.088742897,0.755657256,0.682269156,0.475464731,-0.359484106,-0.075247861,-0.674426198,-0.566211879,-0.331449836,0.175933614,0.015905606,0.498282433,0.195506185,0.195331544
0.640328765,0.169317871,0.541719496,0.630130291,0.711592257,-0.178684577,-0.02711612,-0.483937263,-0.104571678,-0.251080811,0.243946537,0.206447035,-0.088855207,0.260365456,0.128382355
0.405098826,0.224163279,0.534378231,0.588328242,0.671008348,-0.122373402,-0.03630751,-0.478890508,-0.28415367,-0.311163813,NaN,NaN,NaN,NaN,NaN
-0.04497065,0.213839933,0.598192811,-0.162010118,0.447344214,0.348619103,0.021467227,-0.421441108,0.334660441,-0.102229662,NaN,NaN,NaN,NaN,NaN
0.711531878,0.28398177,0.804614961,0.209720641,0.510772645,-0.534202754,-0.009400818,-0.614633143,0.190885171,-0.121358521,NaN,NaN,NaN,NaN,NaN
0.316324323,-0.148770452,0.475700676,0.198549032,0.389715523,0.100978844,0.372763485,-0.544643939,0.346796811,0.04019516,NaN,NaN,NaN,NaN,NaN
0.538990796,0.62133348,0.144684985,0.451972544,0.173000798,-0.28541255,-0.60257405,0.017335046,-0.148832008,0.265019894,-0.029588806,0.052493278,0.437446505,0.063629247,0.2267185
0.182419658,0.532911241,0.453581661,0.00196156,0.352697015,0.040407211,-0.45763272,-0.29290548,0.187655449,0.07332921,NaN,NaN,NaN,NaN,NaN
0.527994454,0.439762235,0.352345288,0.606973708,0.561613441,-0.209256902,-0.222716957,-0.278218925,-0.228953481,-0.259046584,NaN,NaN,NaN,NaN,NaN
0.327713192,0.419289052,0.522750378,0.388026208,0.343554556,-0.119703047,-0.276333481,-0.383424193,-0.02931419,0.116991892,0.10279958,0.231042981,0.247265607,0.257867843,0.302597225
0.449548066,-0.283482552,0.710144043,0.218689188,0.434478849,-0.281555384,0.303833365,-0.522544324,0.394925326,0.165471956,0.218495876,0.105472527,0.355817884,0.381626219,0.402296066
0.306935459,0.044469435,0.278403074,0.056270104,0.18698734,-0.219703555,-0.027096828,-0.089646414,0.29131794,0.198384866,NaN,NaN,NaN,NaN,NaN
0.604377806,0.279650509,0.456132293,0.408064455,0.67868495,-0.571841002,0.01059937,-0.53468436,0.380357623,0.16593197,NaN,NaN,NaN,NaN,NaN
0.418523431,0.174309492,0.549575865,0.120534532,0.482269287,-0.214388266,0.013714463,-0.497536242,0.251040697,-0.164530829,0.129249588,0.187604293,0.173794836,0.218026415,0.081932612
0.41986081,0.353506655,0.273601323,-0.023365844,0.076531716,-0.364449084,-0.391196549,-0.07408689,0.400774837,0.349798381,0.028736062,0.105969734,0.084622666,0.243294537,0.227472663
0.366614103,0.424279302,0.27715081,0.290115952,0.204267785,-0.041306302,-0.187682703,-0.082066722,0.024837749,0.356078357,NaN,NaN,NaN,NaN,NaN
0.467997968,0.332006872,0.239702865,0.43314898,0.74419415,-0.068328708,0.028062962,-0.547665298,0.160224512,-0.276861548,NaN,NaN,NaN,NaN,NaN
0.358324856,0.170088068,0.565639794,0.389916658,0.323285341,0.007799259,-0.026229793,-0.403400838,-0.024298534,0.097448021,NaN,NaN,NaN,NaN,NaN
0.387587249,-0.011551579,0.568183243,0.517915308,0.672026038,-0.221203923,-0.159618512,-0.2774086,-0.122570641,-0.279839307,0.155338183,0.228869587,0.055860803,0.138768449,0.083215758
0.689281881,0.098474912,0.800783932,0.490702718,0.488323659,-0.641379774,-0.10479106,-0.735760272,-0.33235082,-0.329969049,0.160863832,0.087845378,0.299533963,0.240732431,0.280958086
0.34567219,0.17627795,0.624656618,0.547512293,0.623994768,-0.072137222,0.054306313,-0.428598195,0.01557302,-0.172911525,0.097732916,0.118576482,0.089651324,0.046690509,0.061714817
0.442257434,-0.040781662,0.735089302,0.578328192,0.487066984,-0.184182912,0.008256136,-0.472797513,-0.370943189,-0.02926901,0.39503625,0.180043966,0.492857605,0.378121585,0.516017795
0.530391693,0.21410577,0.792357802,0.165033817,0.278712332,-0.364284009,0.104473874,-0.437988043,0.270289391,0.201116219,0.054956459,0.16161263,0.288501233,0.184247956,0.158492982
0.342596173,0.124580331,0.401118934,0.391792685,0.253005922,-0.090748571,0.147017553,-0.614172459,0.044224121,0.1055682,0.176666722,0.256500453,0.065761171,0.233243167,0.140559882
0.307892472,0.407169044,0.163601354,-0.198837936,0.266634703,-0.02016202,-0.406258464,0.107095785,0.554550529,0.138733327,0.167739719,-0.01741058,0.54892987,0.252990752,0.232220829
0.318128735,0.193574473,0.265815675,0.098009326,0.256995797,-0.178628594,0.090809725,-0.303378224,0.395129889,0.236436039,NaN,NaN,NaN,NaN,NaN
0.461392701,-0.040261772,0.541810393,0.378119558,0.546971142,-0.087188289,0.053741146,-0.49088338,-0.091700487,-0.146237642,NaN,NaN,NaN,NaN,NaN
0.358370245,0.21918188,0.288807124,0.442200363,0.542628765,-0.094085924,0.083240181,-0.242221028,0.089756079,0.088610239,NaN,NaN,NaN,NaN,NaN
0.566725016,0.020568607,0.626556933,0.381572872,0.628675938,-0.283570915,0.056201842,-0.44964242,-0.126372784,-0.244324014,0.117146842,-0.052237473,0.22928144,0.116068281,0.258060724
0.466037601,0.129353344,0.27313897,0.296256602,0.318025947,-0.451848537,-0.202966258,-0.093875431,-0.044834092,-0.003393446,NaN,NaN,NaN,NaN,NaN
0.223518804,0.068723395,0.626542866,-0.046604224,-0.033092961,-0.094929144,0.009801127,-0.530464828,0.187809572,0.289851278,NaN,NaN,NaN,NaN,NaN
0.766732335,-0.170628384,0.714172304,0.646822035,0.730387568,-0.618398011,0.19745025,-0.566120207,-0.223522156,-0.353541821,-0.071890451,0.357881546,-0.072863974,-0.131891742,-0.084621444
0.438262999,-0.183661848,0.390443355,0.328145385,0.374187678,-0.254591733,0.001109892,-0.020336734,-0.020910863,0.111900926,0.15552327,0.12678279,0.299323738,0.198745608,0.307500958
0.227024436,0.484679431,0.594379425,0.318154931,0.477439433,-0.014718325,-0.281427532,-0.433024317,0.146689191,-0.028836217,0.180498481,0.10756088,0.4149957,0.138237074,0.297005475
0.080067031,-0.396411121,0.689392269,-0.027911145,0.185333967,0.005769157,0.405113757,-0.329699785,0.343701273,0.274731845,0.06549266,0.054502293,0.762978137,0.112365864,0.499545425
0.491512984,-0.507213116,0.70565778,0.103148222,0.387789667,-0.403874904,0.551892042,-0.490383893,0.05691896,-0.091128372,0.16182588,0.151483595,0.314263225,0.226358905,0.135228589
0.394095808,-0.202796385,0.416364163,0.132839441,0.245961994,-0.260863632,0.335762531,-0.211614549,0.16481784,0.169501767,NaN,NaN,NaN,NaN,NaN
0.429609179,0.010331307,0.466020703,0.41244635,0.48140946,-0.225459903,0.308185458,-0.600758255,-0.044972911,-0.068858944,0.137698516,0.193920374,0.112639658,0.360375345,0.306352586
0.718725443,-0.006747991,0.765020847,0.522784948,0.75616771,-0.507814944,0.117680483,-0.510184109,-0.123452567,-0.291970491,NaN,NaN,NaN,NaN,NaN
0.308238804,0.744028866,0.730184793,0.384616137,0.663296282,-0.368466914,-0.677770674,-0.25968352,-0.0080119,-0.12134771,0.263146162,0.415415198,0.645875812,0.178163752,0.39000079
0.1611927,0.144726679,0.444470823,-0.424333453,-0.04407591,0.039578531,-0.048642192,-0.220647842,0.621128917,0.297109604,NaN,NaN,NaN,NaN,NaN
0.355781406,-0.455442309,0.759135246,-0.218365505,0.188187405,-0.245281056,0.231877148,-0.700579464,0.371438265,0.036574356,0.286552697,0.134258598,0.096829906,0.164279565,0.33660987
0.52102834,-0.091896921,0.734976292,0.241319269,-0.049343362,-0.265867412,-0.018682012,-0.647982955,-0.028642431,0.233050555,0.237780392,0.114893645,0.244180664,0.221055686,0.230202854
0.353716284,0.095637791,0.747797251,-0.042107124,0.253823996,-0.077010311,0.169066787,-0.660125613,0.314317942,0.046691403,NaN,NaN,NaN,NaN,NaN
0.042576179,0.37361753,0.775856674,-0.404117793,0.55638814,0.06413269,-0.265489191,-0.541166246,0.558754742,-0.15887548,NaN,NaN,NaN,NaN,NaN
0.644012451,0.071671084,0.635250628,0.428325325,0.733590007,-0.487184942,-0.15431717,-0.61999023,-0.210136488,-0.380450785,NaN,NaN,NaN,NaN,NaN
0.475777894,0.274282396,0.837138176,0.143668756,0.714985132,-0.494036973,-0.306281149,-0.725329161,-0.013750839,-0.53989923,NaN,NaN,NaN,NaN,NaN
0.255379021,-0.098029934,0.539988101,0.182223156,0.178305179,0.180004552,0.3417328,-0.415845722,0.396112382,0.361814529,-0.024729891,0.122521415,0.149393454,0.03483637,-0.062797196
0.373466134,-0.131801575,0.85635215,-0.325721085,0.220023155,-0.238548368,0.225633249,-0.731455922,0.550801754,0.134493217,0.189287916,0.19562608,0.260706127,0.399489701,0.386590868
0.411387771,0.530820668,0.545928538,0.310744196,0.484130979,-0.204331383,-0.390358686,-0.601695657,-0.059239939,-0.241034776,NaN,NaN,NaN,NaN,NaN
0.709540784,0.024238171,0.914379358,0.67113781,0.785111666,-0.452004492,-0.067425512,-0.663864791,-0.558856606,-0.501551807,0.391865551,0.185362279,0.335954159,0.118664496,0.297857642
0.454991907,0.119462416,0.458423644,0.531767368,0.634394646,-0.148574337,0.087142669,-0.352267444,-0.109553531,-0.267306715,NaN,NaN,NaN,NaN,NaN
0.438977897,-0.039346207,0.630272746,0.299527794,0.495061338,-0.35433805,-0.081356063,-0.514476955,-0.170905501,-0.230396956,0.121582814,0.157665879,0.290359914,0.176929086,0.199826151
0.475652993,-0.179474533,0.588964403,0.340089858,0.601538897,-0.16233997,0.1984258,-0.423145473,0.039157894,-0.224792197,0.281610847,0.100730412,0.131074384,0.208954483,0.231061459
0.191786394,-0.106163859,0.257301331,0.63105917,0.53671205,0.063165024,0.294214964,-0.411228657,-0.063865572,0.006831829,-0.043402519,0.034009632,0.33746475,0.097401723,0.262502223
0.277944565,0.36613822,0.255843431,0.30113712,0.424164563,-0.16365087,-0.197369993,-0.217415184,0.052977685,-0.164424255,NaN,NaN,NaN,NaN,NaN
-0.088750832,-0.039713807,0.690498412,-0.245648891,0.422483474,0.152024314,-0.003422441,-0.46931085,0.491251558,-0.030506426,0.06577912,0.076581225,0.08072561,0.191270009,0.105272524
0.495244324,0.310133845,0.74048394,0.106276244,0.114906311,-0.315403014,-0.347811967,-0.58822602,0.003446067,0.130296573,0.266076505,0.113884918,0.428125262,0.020496815,0.091345787
-0.114778087,-0.114298023,0.641660333,-0.233768925,0.227837428,0.210614637,0.314011812,-0.480801493,0.447664499,0.165085077,NaN,NaN,NaN,NaN,NaN
-0.11359705,0.05254326,0.456871897,0.098902054,0.327545345,0.233682647,0.084372818,-0.385235012,0.259480506,0.057325326,0.116950877,0.145668417,0.362854898,0.084171623,0.291111976
0.380516589,0.607949615,0.910700321,0.236653835,0.237511963,-0.03659435,-0.47709927,-0.6768592,0.151176661,0.236698046,NaN,NaN,NaN,NaN,NaN
0.48316586,0.331695616,0.772446632,0.688219905,0.705345988,-0.43381691,-0.326275796,-0.619568706,-0.443763137,-0.350053102,0.189877048,0.297538221,0.174332738,0.274187177,0.222168401
0.425826877,-0.027119309,0.432605088,0.501592934,0.425881684,-0.210682049,0.134757802,-0.514591336,-0.135878697,-0.031572748,NaN,NaN,NaN,NaN,NaN
0.536667883,0.031234441,0.630733609,0.034016065,0.251890242,-0.399604797,-0.059240859,-0.554065645,0.178019151,-0.009048107,0.099798247,0.043085098,0.437699944,0.104660869,0.059749987
0.568770289,-0.018391818,0.559491575,0.566428304,0.56887728,-0.16797322,0.175684288,-0.409779936,-0.039912455,0.129661664,NaN,NaN,NaN,NaN,NaN
0.517216504,-0.136251062,0.776025891,0.374462694,0.446608603,-0.516016543,-0.001795855,-0.685040474,-0.271697491,-0.256004542,0.114285171,0.24848257,0.368290603,0.192840114,0.199262828
0.226412535,-0.014532744,0.611478746,0.520903766,0.486420214,-0.093428314,0.078761309,-0.622706413,-0.261760205,-0.226653293,0.344227701,0.098819464,0.09410926,0.253091842,0.030336643
0.484280258,-0.119889811,0.700750649,0.439588964,0.638496637,-0.147585824,0.275256336,-0.542348683,0.006602437,-0.361387908,0.174130663,0.102000065,0.081540614,0.129971981,0.111470781
0.171965197,0.500438511,0.7114411,0.088760957,0.277510136,-0.28069979,-0.422996491,-0.523865044,0.157448679,0.102763198,NaN,NaN,NaN,NaN,NaN
0.7154212,0.26002124,0.604146123,0.660974324,0.764644504,-0.364804745,-0.106689528,-0.632292807,-0.379452318,-0.492522955,0.044298694,0.161341429,0.134356186,-0.001632524,0.027275143
0.312816739,0.362617612,0.582259595,0.308979839,0.521785259,-0.159160018,-0.363690138,-0.370214641,-0.269295931,-0.235134453,0.254686236,0.370931089,0.385494232,0.114734799,0.3395468
0.358105153,0.028880224,0.512085974,0.363523781,0.449421942,-0.102248132,0.161002904,-0.384806722,0.13324444,-0.111281104,NaN,NaN,NaN,NaN,NaN
0.116376348,0.39842394,0.24913463,0.365784198,0.549322546,0.158994451,-0.00381052,-0.199990392,0.375730962,0.313546836,NaN,NaN,NaN,NaN,NaN
0.315354675,0.311041981,0.774620295,-0.040743131,0.157769457,-0.245303944,-0.219127819,-0.68933177,0.304005355,0.139900848,NaN,NaN,NaN,NaN,NaN
0.683291137,-0.054619495,0.627774835,0.615012765,0.744319439,-0.52169013,0.010292405,-0.484759241,-0.30949828,-0.351688862,NaN,NaN,NaN,NaN,NaN
0.186990499,0.299833328,0.170281202,0.512781501,0.547352493,-0.204974666,-0.075683556,-0.378127873,0.078811564,0.124038756,0.137548968,0.05995078,0.211590275,0.313541621,0.072979279
0.438968033,0.340430677,0.74396503,0.475238264,0.561891377,-0.31894508,-0.222362489,-0.438907832,0.031653523,0.027661849,0.151908457,0.349079698,0.210392579,0.391433477,0.418913126
0.23486571,-0.107214026,0.153740957,0.284345925,0.55710125,0.000619979,0.20640561,-0.007204938,-0.045354731,-0.310174882,0.106177278,0.035348441,0.274564058,0.090430602,0.058553297
0.244978666,0.142820179,0.317383349,-0.024842493,0.308312565,-0.383734137,-0.23319906,-0.106351525,0.177299291,0.060452785,0.110944554,0.10134317,0.427334726,0.092439957,0.340746969
0.085190035,0.096667111,0.395901084,0.166924357,0.470583737,0.180005968,0.237545609,-0.236795276,0.2893731,0.102717966,0.232058391,0.258328944,0.227941722,0.344419569,0.263718605
0.429889947,0.112045974,0.679339647,0.56278795,0.666805565,-0.231071278,-0.067146011,-0.431785703,-0.283886254,-0.268679857,0.086298794,-0.007675028,0.187666878,0.102333046,0.074484915
0.294484496,-0.214932665,0.631155133,0.330283642,0.583267629,0.000194446,0.052523084,-0.051028974,0.016596971,0.404198527,-0.072487727,0.069437318,0.374268442,-0.014745879,0.2302479
0.107677422,0.105318651,0.529983819,0.281587631,0.474981546,-0.062595651,0.048772667,-0.496086478,-0.018404955,0.115282074,NaN,NaN,NaN,NaN,NaN
-0.16195102,0.103844054,0.145371392,-0.27794084,0.09029837,0.285154581,0.117844164,0.007428485,0.458053648,0.186590508,NaN,NaN,NaN,NaN,NaN
0.722315252,0.117535084,0.804733932,0.224855125,0.815232456,-0.645107627,-0.14794676,-0.735619783,-0.075325422,-0.625720382,NaN,NaN,NaN,NaN,NaN
0.43782115,0.133037329,0.455890298,0.235782266,0.29488346,-0.109665424,-0.168528914,-0.352845788,0.211557537,0.148717538,NaN,NaN,NaN,NaN,NaN
0.356963456,0.41844961,0.316062361,0.046005554,0.477309555,-0.155763939,-0.426720202,0.054711811,0.273088992,0.005624346,NaN,NaN,NaN,NaN,NaN
0.276865214,0.020434525,0.416288435,0.318569392,0.286092252,0.075685181,0.043333165,-0.414467096,-0.150059685,0.05109321,NaN,NaN,NaN,NaN,NaN
0.520809889,0.100629434,0.50970614,0.45012787,0.654575884,-0.259760916,-0.06054046,-0.164898753,-0.010475161,-0.203822762,NaN,NaN,NaN,NaN,NaN
0.584323645,-0.107308745,0.527780056,0.282815814,0.398733765,0.194132209,-0.485235214,0.05261483,0.471913427,-0.445144832,NaN,NaN,NaN,NaN,NaN
0.65145576,0.036926318,0.834953666,0.222506553,0.657329381,-0.654298544,1.15422253657016e-05,-0.670546651,0.066634722,-0.299594551,NaN,NaN,NaN,NaN,NaN
0.530216157,-0.594377339,0.828403413,0.704999983,0.814407945,-0.631631017,0.016454456,-0.333461374,-0.042480446,-0.387385935,NaN,NaN,NaN,NaN,NaN
0.604164422,-0.362982273,0.764391243,0.623987913,0.738880575,-0.591757953,-0.014971796,-0.438967556,-0.162535042,-0.415761054,NaN,NaN,NaN,NaN,NaN
0.370773464,0.403720677,0.037508931,0.661446929,0.472843766,-0.058313049,-0.230715498,-0.11624527,-0.287237883,0.001571148,NaN,NaN,NaN,NaN,NaN
0.258565068,0.489225388,0.659505904,-0.10445942,0.269579202,-0.18228215,-0.509194314,-0.514117897,0.354376674,-0.038419716,NaN,NaN,NaN,NaN,NaN
0.396452397,0.062331941,0.076179042,0.431304604,0.49768889,0.246825725,0.29574126,-0.42185533,0.224554837,0.194648892,0.354858369,0.440244079,0.234125584,0.351767272,0.40967536
0.266435623,-0.213418767,0.627444625,-0.170745611,0.190411001,0.012690387,0.451942921,-0.486541539,0.608096421,0.298044324,NaN,NaN,NaN,NaN,NaN
0.408179015,0.363972962,0.825696826,0.557303905,0.48619166,-0.410787433,-0.194579929,-0.595835328,-0.229059547,-0.048530504,NaN,NaN,NaN,NaN,NaN
0.35551241,0.179314882,0.04182921,0.325024962,0.233380944,0.059803341,-0.041023992,0.116110556,0.069929592,0.252629757,0.146119088,0.145248845,0.192263961,0.119842775,0.285856903
0.265784144,0.210962638,0.647369146,0.397764981,0.506396174,-0.085110933,-0.026426729,-0.670099795,-0.07146924,-0.142931595,0.076366141,0.222933099,0.284043401,0.159721538,0.14002642
0.416083962,-0.020255333,0.585346699,0.012911318,0.644828975,-0.022968117,0.074678712,-0.381504595,0.323815107,-0.193166688,0.500888109,0.018328022,0.364274472,0.222929001,0.49213469
0.250496358,-0.066125564,0.416654527,0.308704793,0.542341113,0.098592371,0.175104052,-0.38315025,0.067677125,-0.120654441,NaN,NaN,NaN,NaN,NaN
0.548797607,-0.203848436,0.677399576,-0.135683924,0.386000395,-0.399625629,0.157404274,-0.614262402,0.302544326,-0.11319261,NaN,NaN,NaN,NaN,NaN
0.65101248,-0.203089491,0.878316462,0.580193162,0.763664544,-0.551141322,0.191953018,-0.806685746,-0.404493809,-0.543881118,NaN,NaN,NaN,NaN,NaN
0.502885044,0.298309058,0.399344921,0.448676676,0.659106195,-0.09345559,0.143416911,-0.632996023,0.134636387,-0.216698945,NaN,NaN,NaN,NaN,NaN
0.362659961,0.16741097,0.758150518,0.528051019,0.55963099,0.043902367,-0.054329798,-0.481348008,-0.090864547,-0.075414456,0.261642069,0.232035458,0.255452424,0.107570037,0.293309987
0.275850296,0.013351926,0.770180523,0.123501547,0.279214144,0.061404094,0.082204416,-0.609074771,0.204925805,-0.006036931,0.260896295,0.242367893,0.110347316,0.222018734,0.075242482
0.308046609,0.693593681,0.78232336,0.289058954,0.46912393,-0.181770489,-0.725771427,-0.610222161,0.129743621,0.108369373,0.297705263,0.259510189,0.298884243,0.265180826,0.357481331
0.203895137,0.413427651,0.27913487,0.420664132,0.437457532,0.083951876,-0.156483471,-0.430999398,-0.118218698,-0.009469413,NaN,NaN,NaN,NaN,NaN
0.547610521,-0.162625402,0.632492185,0.626534462,0.65379411,-0.361499459,0.020762404,-0.521022677,-0.250090986,-0.296973705,NaN,NaN,NaN,NaN,NaN
0.234997228,0.121439524,0.676748753,0.11813245,0.195267484,-0.232629165,-0.013811968,-0.626439929,0.134871006,0.079624049,0.172360405,0.065457471,0.541004896,0.146255329,0.205989957
0.522140086,0.227363348,0.570281148,0.431219727,0.420628697,-0.146197215,0.069565333,-0.655932784,0.198321193,0.203627393,NaN,NaN,NaN,NaN,NaN
0.321772099,0.51481384,0.699151397,-0.122273587,0.469624311,-0.219159126,-0.431414723,-0.532635033,0.452949286,-0.024629135,0.127635464,0.214239195,0.071051747,0.450226218,0.403291166
0.572634459,0.121818103,0.872258604,0.678911388,0.828845263,-0.607583702,-0.327219367,-0.551285923,-0.45490256,-0.48991701,NaN,NaN,NaN,NaN,NaN
0.499575913,0.324823827,0.173654139,0.589566231,0.506662488,-0.140617728,0.200375363,-0.304104209,0.140391678,0.097351961,NaN,NaN,NaN,NaN,NaN
0.141959056,0.048986133,0.659128904,0.623874784,0.570322871,-0.055004627,-0.160845101,-0.515965283,-0.381862789,-0.322012335,NaN,NaN,NaN,NaN,NaN
0.423010379,0.302361041,0.31137687,0.008576828,0.281593055,-0.347801715,-0.279474407,0.039935142,0.397922069,0.109069645,0.259869874,0.357323378,0.289736092,0.255281001,0.309684485
0.756264448,-0.061073154,0.727962554,0.544806719,0.772890627,-0.439370394,0.247533724,-0.71853596,-0.182471067,-0.501399159,NaN,NaN,NaN,NaN,NaN
0.514564157,0.520556867,0.623174906,0.525685072,0.562979639,-0.09747462,-0.517696738,-0.368551254,-0.209862217,-0.172829971,NaN,NaN,NaN,NaN,NaN
0.319308639,0.560478926,0.799176633,0.376205683,0.60877943,-0.262762189,-0.484801203,-0.658262014,0.050903443,-0.201932579,NaN,NaN,NaN,NaN,NaN
0.42791155,-0.220843673,0.423910797,0.251285106,0.556128383,-0.143309742,0.334939361,-0.465921253,0.102950566,-0.186054349,NaN,NaN,NaN,NaN,NaN
0.573751986,0.136135429,0.44692722,0.417313606,0.517234743,-0.085823029,0.020226762,-0.492803127,0.134512246,0.023067812,NaN,NaN,NaN,NaN,NaN
0.200218156,0.01963493,0.471239984,0.317663908,0.712916851,0.147401676,-0.084559202,-0.332737207,0.212142825,-0.213749275,NaN,NaN,NaN,NaN,NaN
0.213179886,0.41693911,0.161495611,0.486194462,0.655095577,0.317407459,-0.033246238,-0.503648698,0.200148597,-0.045059279,NaN,NaN,NaN,NaN,NaN
0.286922932,0.115354389,0.593860149,0.329031467,0.574736118,0.08159712,0.175452262,-0.676552474,0.093660511,-0.12653251,0.212347895,0.05743495,0.32755208,0.194417641,0.183385059
0.389762849,-0.008231655,0.333215773,0.67117089,0.597847044,0.175743952,0.171041369,-0.596215248,-0.111033611,-0.043447703,-0.064850643,0.075964324,0.354247749,-0.161125392,0.008563393
0.361043394,0.35392648,0.359419137,-0.263032138,0.169275224,-0.294647038,-0.274195999,-0.264632732,0.39906764,0.040117323,NaN,NaN,NaN,NaN,NaN
0.037458915,0.014113512,0.225721061,-0.062672861,0.30056113,0.420186996,0.229219496,-0.112694427,0.566401839,0.27087906,NaN,NaN,NaN,NaN,NaN
0.683295608,-0.329416782,0.616343021,0.495601058,0.276656687,-0.547335804,0.335885495,-0.462826341,-0.219416991,0.017003756,0.245216012,0.341430515,0.340471685,0.275750816,0.161426738
0.687403679,0.333583951,0.739417851,0.370123833,0.430274963,-0.592737496,-0.271750093,-0.618260562,2.79587111435831e-05,-0.070001423,0.206405118,0.238449931,0.303443491,0.122950181,0.177347198
0.434562713,0.210150391,0.403980762,0.054887652,0.282787114,-0.008398677,-0.075389214,0.049075805,0.29408896,0.35961622,0.315403074,0.146950394,0.259481192,0.276299268,0.345407665
0.572041631,0.353912055,0.314824611,0.557700217,0.611412942,-0.219940528,0.111872293,-0.490314394,0.013792315,-0.035184443,NaN,NaN,NaN,NaN,NaN
0.638560951,0.003398103,0.795046806,0.42062977,0.58479315,-0.573581934,0.034983508,-0.717385769,-0.151022106,-0.31073615,NaN,NaN,NaN,NaN,NaN
0.324153125,0.239151761,0.519307971,0.473130941,0.532500565,-0.370967001,-0.305807769,-0.191306576,-0.325326025,-0.156840235,0.04955693,0.113587394,0.135657623,0.076386474,0.09201967
-0.137576625,0.194218487,0.702649832,0.375089973,0.036620095,0.329930305,0.091215685,-0.646139503,0.16048108,0.314338356,NaN,NaN,NaN,NaN,NaN
0.41192168,0.289309055,0.778158903,0.217358395,0.162641004,-0.322775096,-0.196193308,-0.747775495,2.97889619105263e-05,-0.013137572,0.267577469,0.191097066,0.336351275,0.231901795,0.185869306
0.208412141,0.560161829,0.352388948,0.054332156,0.164098933,0.166385382,-0.198133707,-0.098196737,0.286272168,0.435420901,NaN,NaN,NaN,NaN,NaN
0.437546283,-0.095730133,0.600851238,0.341264784,0.465555131,-0.45358026,0.122059196,-0.474489808,-0.126551732,-0.19969824,NaN,NaN,NaN,NaN,NaN
0.232698515,0.304308236,0.603974164,0.363736778,0.738388181,-0.214122951,-0.323969126,-0.596081138,-0.249109864,-0.304303944,NaN,NaN,NaN,NaN,NaN
0.380305409,-0.094674855,0.662005842,0.267084062,0.697147548,-0.253987372,-0.042612929,-0.505201399,0.128622398,-0.390626609,0.227884501,0.108885154,0.395671457,0.419837296,0.472181559
0.417944044,0.003129273,0.645780802,0.417469144,0.638423085,-0.318215638,0.09257406,-0.702529311,-0.04967425,-0.361762971,0.110621013,0.212728679,0.115719527,0.207021579,0.029754629
0.559153974,0.093857452,0.668175101,0.356770843,0.365272939,-0.24239333,-0.057134993,-0.365272105,-0.090178013,0.08800333,NaN,NaN,NaN,NaN,NaN
0.235716045,0.364483714,0.518023551,0.411690384,0.671375394,0.055995796,-0.220037907,-0.586939335,0.019736288,-0.293473184,NaN,NaN,NaN,NaN,NaN
0.572081804,0.035099745,0.80180198,0.394992381,0.742572486,-0.564968884,-0.431782961,-0.338844478,0.052325185,-0.268362254,NaN,NaN,NaN,NaN,NaN
0.332200736,0.099022426,0.676429093,-0.00318633,0.187418416,-0.284516692,0.045608789,-0.796485186,0.207321569,0.098469481,NaN,NaN,NaN,NaN,NaN
-0.006635192,0.164915472,0.400247246,-0.047586743,0.135038584,0.519705236,0.089356519,-0.091405138,0.542117178,0.482686132,NaN,NaN,NaN,NaN,NaN
0.362374514,0.109121807,0.370385051,0.517290771,0.132745758,0.03128479,-0.007898284,-0.39760074,-0.044980135,0.276091427,NaN,NaN,NaN,NaN,NaN
0.685406983,-0.114442311,0.331612349,0.36318931,0.557590127,-0.405017674,0.237890393,-0.216395199,0.000264729,-0.231167942,NaN,NaN,NaN,NaN,NaN
0.166086793,-0.009790998,0.49026975,0.431594431,0.547052145,0.060998872,0.071849048,-0.417596459,0.048880789,-0.043644935,0.157050341,0.243464977,0.19815965,0.181517363,0.200544
0.355679452,0.14963989,0.460936904,0.329964042,0.460783035,-0.077043951,0.045746222,-0.568369508,0.1263244,0.01877824,0.069658518,0.004690071,0.179054573,0.12612617,0.146440715
0.669330359,-0.184668899,0.767817736,0.379519939,0.619853795,-0.565612495,0.074268058,-0.66267848,-0.14022994,-0.246630877,0.027154157,0.122088753,0.37011531,0.135261133,0.280040652
0.314413458,0.324979752,0.468291193,0.580124557,0.353195697,-0.242254809,-0.290235639,-0.269816995,-0.384799778,-0.04180488,NaN,NaN,NaN,NaN,NaN
0.605260909,-0.059677806,0.545621574,0.149628729,0.552118063,-0.47836718,0.291551054,-0.298363566,0.415251374,-0.057666115,0.452180803,0.141281292,0.128845468,0.302176505,0.365693778
0.08194638,-0.010280258,0.319526583,-0.081996769,-0.189177901,0.152192503,0.092027321,-0.369551063,0.330532938,0.408674926,NaN,NaN,NaN,NaN,NaN
0.219720528,-0.042896762,0.550124407,-0.216454849,0.537257969,-0.000899269,0.271192193,-0.315621644,0.522834361,-0.127067059,0.271011382,0.321392477,0.246815234,0.428358465,0.368996799
0.040429767,0.004390933,0.60147351,-0.1939217,0.300843865,0.227850705,-0.033180878,-0.263012409,0.582059801,0.19500348,0.160780787,0.055155978,0.198110521,0.166313961,0.18998535
0.27051267,0.216934487,0.761399984,0.454113901,0.33879301,0.099401712,-0.156255543,-0.564891517,0.006958486,0.221498162,NaN,NaN,NaN,NaN,NaN
0.513686419,-0.103097409,0.500251651,0.531332314,0.532146811,-0.099664517,0.273512095,-0.499824464,-0.101103492,-0.087318011,0.120687015,0.048086945,0.200421631,0.195493072,0.122040778
0.282691509,0.502941489,0.291423142,0.108526185,-0.05021039,0.108911924,-0.358659089,0.083805211,0.292618096,0.466250181,0.222148642,0.288059562,0.30857414,0.285130799,0.236110762
0.336501151,-0.028971106,0.343375564,0.308013082,0.351805031,-0.087017462,-0.0548275,-0.274126172,-0.015663378,-0.083256915,NaN,NaN,NaN,NaN,NaN
0.532126248,0.339592308,0.497523218,0.421626031,0.505667388,-0.07540293,0.022948425,-0.379935801,0.193819165,0.1503212,0.168869659,0.1737331,0.122617558,0.198775336,0.209304094
0.827254355,0.570271075,0.260619223,0.784969151,0.912363887,-0.419352889,-0.34476614,-0.392612696,-0.377348632,-0.512787282,0.153408051,0.41715166,-0.052937403,0.241860405,0.271100491
0.230821103,-0.076607354,0.334769964,0.279916495,0.49477011,0.155677214,0.306589454,-0.410092235,0.304880321,-0.07749106,0.126000583,0.171023369,-0.076014258,0.230842233,0.230035022
0.607722521,0.098004453,0.378950894,0.422986269,0.406630129,-0.132954881,-0.147862121,-0.049266342,0.160007283,0.295105338,NaN,NaN,NaN,NaN,NaN
0.254005969,0.407349586,0.046442695,0.100649826,0.344988346,-0.09351673,-0.306420565,0.128820658,0.194270268,-0.030657513,0.218145519,0.184350535,0.272999913,0.263193846,0.14361836
0.292497814,0.198577538,0.683710873,0.401629776,0.648014069,-0.107781246,0.15038915,-0.683327198,-0.067973338,-0.270088404,NaN,NaN,NaN,NaN,NaN
0.188996032,0.05887603,0.471465856,0.175922334,0.377718687,0.256663531,0.304715693,-0.630060136,0.423819453,0.236169606,0.127331465,0.191286504,0.226350427,0.173590362,0.143617868
0.208589911,0.070341304,0.505868614,0.760357022,0.478067994,0.111621208,-0.079720631,-0.449984163,-0.52341795,-0.16351755,0.17157048,0.127643317,0.258763045,0.22089152,0.132342085
0.333189815,-0.222831443,0.754571378,0.3193672,0.582246482,-0.230037734,0.290304124,-0.786318719,-0.035558071,-0.321718842,NaN,NaN,NaN,NaN,NaN
0.316812694,0.401234478,0.459585339,0.544784248,0.595250309,-0.167353541,-0.12277215,-0.474010289,-0.195031807,-0.001528801,NaN,NaN,NaN,NaN,NaN
0.150028765,-0.445802569,0.429690182,0.357138306,0.116182916,-0.100588419,0.535768807,-0.162547171,0.006746241,0.259997338,0.08915329,0.215088233,0.560487449,0.453055978,0.399647653
0.480771184,-0.107623622,0.562576592,0.332218766,0.215261981,-0.334443629,0.204319641,-0.540152013,-0.117973223,-0.013530563,NaN,NaN,NaN,NaN,NaN
0.6258986,0.239617348,0.826216459,0.499875188,0.232972607,-0.487613082,-0.199520335,-0.590978146,-0.013339573,0.13213791,0.255495369,0.146034122,0.377662331,0.334152877,0.389775276
0.516509473,0.017698314,0.542520821,0.424090028,0.464612126,-0.346572995,0.017266735,-0.622675955,-0.031711224,-0.135886133,0.065301344,0.131928816,0.160741776,0.075026058,0.136312917
0.546693206,0.451133251,0.385909051,-0.060555115,0.255713999,-0.214951411,-0.453970671,0.024586629,0.540591002,0.258038163,NaN,NaN,NaN,NaN,NaN
0.565520167,-0.009434859,0.568002641,0.408343405,0.674891293,-0.248192593,0.213955447,-0.636760473,0.10722328,-0.23714897,NaN,NaN,NaN,NaN,NaN
0.448022366,-0.049126562,0.416605204,0.182046354,0.163106531,-0.337015837,0.062671848,-0.278007686,0.116182052,0.136690691,0.043727946,0.201807231,0.190572202,0.13964738,0.176188827
0.645962536,0.149438962,0.447510034,0.525489688,0.668719709,-0.530163229,-0.154364407,-0.318160325,-0.216246516,-0.462502122,-0.084681153,-0.040656801,0.378402889,0.172494531,0.284901172
0.2907691,0.247957602,0.206719175,0.196894631,0.428207517,0.056379881,-0.007752614,-0.104687192,0.234855711,0.224780023,NaN,NaN,NaN,NaN,NaN
0.089736015,0.447128445,0.444358647,0.710281432,0.745086014,0.292923689,0.073775522,-0.655444205,0.036021493,-0.216498077,0.204460427,0.511369944,0.050231978,0.445371598,0.328721613
0.525009036,0.073511869,0.58775574,0.269845963,0.697517455,-0.302919358,0.033251178,-0.638966739,0.117880814,-0.350784421,NaN,NaN,NaN,NaN,NaN
0.412856966,0.145887509,0.231924176,0.510884106,0.45235154,-0.247584283,-0.083521418,-0.174883887,-0.203718394,-0.054676924,NaN,NaN,NaN,NaN,NaN
0.199645728,0.222274989,0.599129677,0.170388997,0.449623942,0.294690639,0.066092908,-0.488551319,0.406167686,0.163641796,0.208884627,0.29204303,0.086843655,0.284641623,0.272735596
0.544019282,0.047572527,0.666140497,0.404329151,0.358495504,-0.399865836,0.001048153,-0.584720671,-0.216054112,-0.237356991,0.423610598,0.118385933,0.405163199,0.291888058,0.270831227
0.660778284,-0.101537503,0.527222633,0.494372308,0.726250708,-0.463347286,0.200638205,-0.600489795,-0.250084072,-0.525852263,NaN,NaN,NaN,NaN,NaN
0.556142688,-0.32105723,0.352422297,0.260940582,0.053399317,-0.463058412,0.194545031,-0.019289698,0.096283883,0.385054767,0.040679865,0.130520299,0.353694439,0.055105522,0.25093767
0.447247595,0.158138454,0.42481783,0.502952874,0.480570138,-0.028201902,-0.107542053,-0.519952595,-0.026757257,-0.067742594,0.091015153,0.118025325,0.111708827,0.256064266,0.23997803
0.461125553,0.213426292,0.529915571,-0.11598137,0.121073842,-0.265899301,-0.292424619,-0.337831587,0.322035372,0.23128441,0.273680151,0.09886194,0.435962737,0.1952703,0.291433662
0.687400997,0.570179939,0.117087752,0.523745716,0.651799321,-0.04357551,-0.066052541,-0.227448568,-0.144239753,-0.098561808,0.154223934,0.111381695,0.09865351,0.202094585,0.118653998
0.297488987,0.353155106,0.279527754,0.493567169,0.533489227,0.001098668,0.0432861,-0.558550835,-0.075749695,-0.23454003,0.191318214,0.148936182,0.05366528,0.163330376,0.116409883
0.327495694,0.255799532,0.770919621,0.335298955,0.77414012,-0.15547128,-0.038774002,-0.811756909,0.00601589,-0.572327256,NaN,NaN,NaN,NaN,NaN
0.552907467,0.121822424,0.616419256,0.650476694,0.743652523,-0.198904634,0.187797323,-0.606005728,-0.10613469,-0.313415915,0.125549182,0.040910229,0.113879278,0.090918072,0.13368395
0.444401741,-0.308130562,0.46168676,-0.215680078,-0.009954809,-0.313572228,0.345904231,-0.167879879,0.544671834,0.329401851,-0.005496261,0.227748767,0.182631567,0.389175147,0.34738946
0.341804534,0.158292025,0.30442369,0.478188843,0.550550103,0.084735706,0.065398186,-0.553918898,-0.095676765,-0.115568876,NaN,NaN,NaN,NaN,NaN
0.305327624,0.125965968,0.625826299,0.284435153,0.660223007,0.043684185,0.290403813,-0.553824127,0.140059739,-0.27167055,NaN,NaN,NaN,NaN,NaN
0.012112175,-0.20490782,0.394587457,0.169763342,0.349185884,0.145905182,0.421877682,-0.392279059,0.316201538,0.002514248,NaN,NaN,NaN,NaN,NaN
0.737142742,0.224502772,0.830532074,0.332448661,0.660235047,-0.754042149,-0.475380152,-0.65954262,-0.028231857,-0.290983588,NaN,NaN,NaN,NaN,NaN
0.350552142,0.590014398,0.672050238,-0.133010298,0.065183125,-0.411883384,-0.488454163,-0.376274943,0.113621041,0.144019261,NaN,NaN,NaN,NaN,NaN
0.157178342,0.349771976,0.370160967,0.373243392,0.590932608,-0.079823196,-0.156076357,-0.447336763,-0.055140238,-0.306857377,NaN,NaN,NaN,NaN,NaN
0.415897608,0.194405645,0.353193551,0.398386329,0.536555886,-0.089207746,0.056680538,-0.548404396,0.232329801,0.100446723,0.122483686,0.378769696,0.117143087,0.165157974,0.164020583
0.332488388,-0.000584027,0.403472602,0.615783691,0.673623741,-0.020735405,0.26276806,-0.450578272,-0.212704688,-0.307667404,NaN,NaN,NaN,NaN,NaN
0.263730079,0.109032884,0.490960568,-0.187871605,0.161628142,-0.242972568,-0.142323911,-0.078914456,0.577027857,0.326781243,NaN,NaN,NaN,NaN,NaN
0.781432211,0.121694542,0.827551842,0.562671959,0.497187853,-0.669340849,0.003186731,-0.648496747,-0.208461687,-0.18063575,NaN,NaN,NaN,NaN,NaN
0.256199211,-0.02727603,0.655304313,0.197296545,0.108827695,0.014633725,0.02285267,-0.620952249,-0.003948332,0.177236557,NaN,NaN,NaN,NaN,NaN
0.355558932,-0.36717838,0.824456573,-0.042372577,0.581103206,-0.121026821,0.459604889,-0.768092513,0.306672901,-0.259410471,0.266536355,0.473822027,0.130764306,0.316545278,0.265952617
0.418232888,0.13788183,0.391078383,0.432546973,0.433344752,0.209591985,0.012038094,-0.027506722,0.230803072,0.1507961,NaN,NaN,NaN,NaN,NaN
0.646546662,0.484023571,0.796500802,0.054042738,0.515989482,-0.447625875,-0.34441939,-0.437987924,-0.038882658,-0.056542434,0.522880554,0.352013916,0.644293368,0.145625874,0.603523314
0.492967695,0.512286484,0.586481154,0.401720464,0.543448746,-0.160189137,-0.128052771,-0.620901644,0.211933374,0.06125135,NaN,NaN,NaN,NaN,NaN
-0.055291496,0.333811641,0.111444972,0.547443748,0.439887226,0.230146736,-0.000352773,-0.130063862,0.070383988,0.0858538,NaN,NaN,NaN,NaN,NaN
0.249776557,0.24251768,0.579244494,0.190693483,0.352613389,0.198550269,-0.048715468,-0.220485643,0.33034128,0.382398367,NaN,NaN,NaN,NaN,NaN
-0.288682491,0.100641467,0.64557308,-0.12048436,0.483417541,0.379844725,0.169291183,-0.645571947,0.435100496,-0.134319484,0.129505366,0.159482569,0.457489014,0.231691554,0.074954227
0.172155946,-0.052613221,0.232714236,-0.081670314,0.020220596,-0.040138483,0.269011915,0.005056519,0.408797771,0.354221493,NaN,NaN,NaN,NaN,NaN
0.341389418,0.298145324,0.396398962,0.032748833,0.487083822,0.122565515,0.027651921,-0.23365733,0.43783316,0.101629861,NaN,NaN,NaN,NaN,NaN
0.298954129,-0.083918467,0.624504149,0.536375761,0.614844918,-0.150965422,0.174873397,-0.652191222,-0.061777838,-0.220954016,NaN,NaN,NaN,NaN,NaN
0.4375934,0.312551707,0.595190585,0.337818116,0.58811599,-0.251141727,-0.240842044,-0.530587077,-0.079055406,-0.382947564,NaN,NaN,NaN,NaN,NaN
0.60492897,0.103352733,0.706556082,0.69064939,0.752937615,-0.485639572,-0.008389586,-0.725285232,-0.49412024,-0.527580082,0.212006167,0.113232836,0.355602592,0.216686517,0.228578702
0.318957895,0.268749267,0.554773986,0.031183355,0.431689113,-0.242166772,0.00198343,-0.703799903,0.423791975,0.167113528,NaN,NaN,NaN,NaN,NaN
0.581871212,-0.143699601,0.747867286,0.092116088,0.616544962,-0.347670406,0.067187399,-0.638687491,0.239515513,-0.274401635,NaN,NaN,NaN,NaN,NaN
0.526990175,0.107781082,0.578903019,0.520373762,0.693078935,-0.335318476,0.095994979,-0.345501572,-0.102178819,-0.47356087,0.157710731,0.115327701,0.34635818,0.201336652,0.196401134
0.243242502,-0.023026945,0.411666244,0.321289063,0.782563388,-0.296880782,-0.193993255,-0.654251039,0.058906939,-0.336521447,NaN,NaN,NaN,NaN,NaN
0.046376836,0.234215811,0.167020097,0.181424692,0.401366949,0.043094452,-0.1092095,-0.169306889,-0.006478885,-0.138033748,0.072995551,0.179574132,-0.017022269,0.19897221,0.060149629
0.243965983,0.013578471,0.576640964,-0.324337095,0.357413709,-0.138080448,0.086009845,-0.547283411,0.624437869,-0.016229898,NaN,NaN,NaN,NaN,NaN
0.416062772,0.219867617,0.555683613,0.178754315,0.243322209,-0.236840621,0.014010313,-0.292731494,0.212253287,0.141288772,0.181020722,0.278624415,0.196873039,0.279106826,0.145980835
0.61130029,0.022877356,0.72590512,0.156189412,0.755600095,-0.431886226,0.236510456,-0.761212468,0.081114128,-0.554124296,NaN,NaN,NaN,NaN,NaN
0.483342379,0.151586831,0.659674406,0.472871959,0.612338006,0.031483002,-0.10055536,-0.407078177,0.046320163,-0.036167964,0.208429202,0.126376182,0.355138212,0.098263592,0.316843837
0.41877538,0.13199456,0.489671499,-0.099681467,0.352523744,-0.213815808,-0.335078001,-0.08015389,0.543034196,0.214539379,0.098405845,0.239044264,0.385580897,0.249094829,0.326696664
0.324048132,-0.284518033,0.705331802,0.368626475,-0.214970484,-0.326107949,-0.188174963,-0.421613842,0.414815843,-0.437434405,NaN,NaN,NaN,NaN,NaN
0.288026989,0.265097171,0.425667197,0.043312579,0.292610675,0.03622812,-0.36218223,-0.146150604,0.306872845,0.178158805,NaN,NaN,NaN,NaN,NaN
0.146979943,0.091749318,0.741543651,-0.195025623,0.391623467,0.298145056,0.145478636,-0.501228034,0.593766332,0.17197825,0.358752012,0.38569206,0.253869414,0.456080943,0.345395982
0.040250499,0.206282765,0.872600496,-0.537191331,0.286382884,-0.098894075,-0.130424663,-0.803069592,0.677650452,0.010280083,NaN,NaN,NaN,NaN,NaN
-0.045287006,0.360983223,0.495442629,0.205953509,0.381514549,0.114531197,-0.267414153,-0.278341025,0.136282638,0.06035408,NaN,NaN,NaN,NaN,NaN
0.609255433,0.222730279,0.635592699,0.495423049,0.715076685,-0.293622494,-0.06859421,-0.544032693,-0.107603088,-0.328616381,NaN,NaN,NaN,NaN,NaN
0.348896116,0.320836961,0.574030817,0.490033031,0.699589312,-0.152889505,-0.088230126,-0.645608604,-0.114292905,-0.403471559,NaN,NaN,NaN,NaN,NaN
0.440182477,0.018271027,0.274154156,0.314296305,0.480298579,-0.22339505,0.101137504,-0.538698316,0.004376178,-0.093613036,0.137468025,0.251629263,0.150125787,0.151742801,0.300292224
0.53526032,0.426186889,0.743241191,-0.075965948,0.573571682,-0.322105944,-0.290195704,-0.591750264,0.354691952,-0.19363831,0.243781701,0.216859818,0.622851968,-0.031342998,0.322753787
0.582776129,0.427939147,0.463514984,-0.300304681,0.417129159,-0.349052161,-0.362704694,-0.314694852,0.579468012,-0.121240407,NaN,NaN,NaN,NaN,NaN
0.214586064,-0.053081729,0.592279375,0.031014547,0.369123697,0.041463654,0.189919665,-0.378789961,0.297567368,-0.004882545,-0.047494002,0.295552373,0.078046627,0.139696702,0.113847017
0.553901374,0.170060828,0.714830339,0.40560165,0.524808049,-0.29457587,-0.089364447,-0.6922068,-0.195800796,-0.275575578,0.148482054,0.093309015,0.223704562,0.13863951,0.138032258
0.414255887,-0.223860398,0.550708175,0.038932823,0.120551035,-0.137546048,0.408672273,-0.377197176,0.277996868,0.273072571,0.077422157,0.364256024,0.024085676,0.240226418,0.047061127
0.628913641,0.024921417,0.660318971,0.42394951,0.337777764,-0.354977101,0.180122852,-0.649045885,0.033248499,0.036353685,0.069224164,0.160214067,0.051463071,0.058249656,0.171966374
0.615731657,-0.262837946,0.792306185,0.399112582,0.219397843,-0.379303694,0.08645013,-0.712134242,-0.111947767,0.070543617,NaN,NaN,NaN,NaN,NaN
0.411575973,-0.289714307,0.537300467,0.338740677,0.506799936,0.149105147,0.115369566,-0.27482149,0.347328752,0.228596166,NaN,NaN,NaN,NaN,NaN
0.55277437,0.021696609,0.792286992,0.378680229,0.69846952,-0.316770524,0.054993629,-0.624518931,0.098774321,-0.2970438,0.352372289,0.171473458,0.410091668,0.49869141,0.495934397
0.395796031,-0.166448444,0.742628336,0.073886871,0.52205044,0.196510464,0.096643724,-0.374927759,0.477628529,-0.003903942,NaN,NaN,NaN,NaN,NaN
0.540427923,0.044327892,0.684863329,0.097578719,0.549975991,-0.09444005,0.269627482,-0.72001636,0.411492378,-0.091000766,NaN,NaN,NaN,NaN,NaN
-0.035251405,-0.067235105,0.697545052,-0.004140715,0.299505949,0.012946524,0.315162629,-0.580559611,0.057607308,0.035364099,NaN,NaN,NaN,NaN,NaN
0.621899545,0.239837244,0.673603356,0.590345979,0.043293033,-0.037726715,0.26953578,-0.204742014,0.088493176,-0.408972085,NaN,NaN,NaN,NaN,NaN
0.05500466,-0.059092145,0.708122313,0.08716809,0.412554324,0.090083539,0.085514247,-0.610897839,0.126429155,-0.009436606,NaN,NaN,NaN,NaN,NaN
0.396301329,0.011359761,0.526683986,-0.029415684,0.338104814,-0.215582713,0.309340119,-0.128165036,0.53130877,0.243013918,NaN,NaN,NaN,NaN,NaN
0.585297287,0.081040919,0.398936719,0.607022047,0.522736371,-0.005144322,0.127184734,-0.246538892,-0.006664383,0.218036011,NaN,NaN,NaN,NaN,NaN
0.415126622,-0.160990134,0.375711501,0.382800937,0.527584493,-0.105819829,0.017066613,0.157222494,0.281813174,0.11779584,NaN,NaN,NaN,NaN,NaN
0.398052573,-0.09367983,0.150985748,0.247328013,0.51343298,-0.146496072,0.103716664,-0.310254276,0.266006023,-0.054666888,-0.096668579,0.098312981,0.147163346,0.121007137,-0.080182523
-0.30720377,-0.007664882,0.733889461,-0.254374981,0.052224122,0.342722744,-0.028975897,-0.56344229,0.33837676,0.204758793,NaN,NaN,NaN,NaN,NaN
0.289504468,-0.017263759,0.347962409,-0.115729794,-0.091825046,-0.286349654,0.022891231,-0.165392026,0.231508687,0.379166245,NaN,NaN,NaN,NaN,NaN
0.696931303,0.552977085,0.72195369,-0.152735263,0.485763162,-0.529052734,-0.410818249,-0.579582036,0.430731684,-0.152197838,NaN,NaN,NaN,NaN,NaN
0.443084836,0.509260714,0.324543506,0.343566775,0.570907712,-0.269099832,-0.38067311,-0.433589458,0.010711973,-0.163442537,NaN,NaN,NaN,NaN,NaN
0.043331433,0.024990715,0.653119802,-0.001065912,0.491524428,0.199953631,-0.025566498,-0.488600254,0.464880079,0.021792326,NaN,NaN,NaN,NaN,NaN
0.300948441,0.02377566,0.404015511,0.008916952,0.303509384,-0.059678115,-0.022899609,-0.225729287,0.370314807,0.118665837,NaN,NaN,NaN,NaN,NaN
0.622965336,-0.30077073,0.525527775,0.580638528,0.727868021,-0.338479191,0.039200939,-0.491229177,-0.214103073,-0.271379113,NaN,NaN,NaN,NaN,NaN
0.183242977,0.30033955,0.379762262,-0.191945463,0.372959405,-0.125972524,-0.350801289,-0.270371646,0.341071993,0.035594005,0.061235659,0.152360857,0.315584213,0.155004203,0.227961108
0.280069977,0.215033516,0.479389846,0.186272368,0.325255007,0.092322148,-0.047168337,-0.518043041,0.09644787,0.045387574,0.145419881,0.141634792,0.12539877,0.063234895,0.033209957
-0.026685122,0.054598365,0.654849112,0.237951383,0.088755749,-0.013203572,-0.087252215,-0.531015694,0.092769034,0.255312234,NaN,NaN,NaN,NaN,NaN
0.467288435,0.276854783,0.434966207,0.193370357,0.533874393,-0.107246071,0.117577925,-0.2413802,0.184531838,-0.108724624,0.168789595,0.16401726,0.160616621,0.178897336,0.17061241
0.238472581,0.406003267,0.260848403,0.363522381,0.551076174,0.020206301,-0.173491448,-0.222338483,0.162838146,-0.064808734,NaN,NaN,NaN,NaN,NaN
0.407843649,0.307177544,0.193525821,0.529311538,0.592494607,-0.086369887,-0.157966524,-0.326069951,-0.08070986,-0.161543041,NaN,NaN,NaN,NaN,NaN
0.005592413,-0.047800541,0.328989655,0.017054137,-0.008753574,0.322947204,0.292085648,-0.359536439,0.368925601,0.391647071,NaN,NaN,NaN,NaN,NaN
0.352045447,0.36163643,0.4408409,0.198541388,0.685262144,-0.041923102,-0.032475464,-0.479833782,0.20721522,-0.188854501,0.170116663,0.144377798,0.170533299,0.224915385,0.36103934
0.341988802,0.168086767,0.295914084,0.362213373,0.579843998,0.27638492,0.307006329,-0.614489973,0.331581175,0.1208193,NaN,NaN,NaN,NaN,NaN
0.516286969,-0.280412227,0.721477151,0.328785986,0.54301405,-0.289067864,0.19136928,-0.573851466,-0.139861122,-0.27690807,0.067718543,0.151541591,0.386718571,0.175661668,0.128893957
0.261412948,-0.003467917,0.355317712,0.211734682,0.468259871,-0.100527585,0.043131366,-0.354762763,-0.019900588,-0.117377393,NaN,NaN,NaN,NaN,NaN
-0.053642459,0.180768624,0.873883724,-0.139820978,0.648625374,-0.073201515,-0.139832854,-0.816345155,0.34174037,-0.329675913,NaN,NaN,NaN,NaN,NaN
0.466943502,0.225940183,0.465208441,0.193543762,0.411401242,0.02798178,0.035557993,-0.51779294,0.37299341,0.165442228,NaN,NaN,NaN,NaN,NaN
0.053030748,0.095878057,0.814189851,0.245889619,0.596257865,0.033595078,-0.071912095,-0.787848532,-0.048995726,-0.308541298,NaN,NaN,NaN,NaN,NaN