ID,G_ddmn,G_vdmn,G_sal,G_rcel,G_lcen,A_ddmn,A_vdmn,A_sal,A_rcen,A_lcen,H_ddmn,H_vdmn,H_sal,H_rcen,H_lcen
sub-A00028150,0.142397866,0.343224615,0.502186418,-0.231329888,0.30015263,0.022027263,-0.300173193,-0.290208042,0.505711734,0.114887096,NA,NA,NA,NA,NA
sub-A00028177,0.110370204,-6.94E-04,0.117764115,0.332794636,0.424528033,0.353614062,0.33905676,-0.161002651,0.163742885,0.388537347,NA,NA,NA,NA,NA
sub-A00028207,0.407542586,0.343171984,0.157936811,0.561842918,0.626968861,-0.022751316,-6.55E-05,-0.284670204,-0.070513092,-0.240577251,NA,NA,NA,NA,NA
sub-A00028266,0.116213329,0.397051066,0.225464985,0.373715699,0.520499706,0.330942243,0.484606564,-0.209456056,0.396494448,0.442646593,NA,NA,NA,NA,NA
sub-A00028287,0.477196932,0.116811834,0.877641141,0.450202495,0.825799823,-0.426509082,-0.251149178,-0.830169141,-0.297642112,-0.621345341,NA,NA,NA,NA,NA
sub-A00028339,0.348145157,0.192716748,0.695276201,0.22681722,0.58317107,-0.214273587,-0.357110411,-0.551982403,0.071697786,-0.245428175,NA,NA,NA,NA,NA
sub-A00028352,0.446016759,0.121444911,0.500870049,0.178400278,0.43382585,-0.228659809,0.058760893,-0.480064958,0.043831065,-0.102591373,NA,NA,NA,NA,NA
sub-A00028399,0.371183068,0.101519719,0.163603857,0.387696117,0.518766046,0.175606743,0.408050001,-0.634738922,0.380321801,0.21247144,NA,NA,NA,NA,NA
sub-A00028429,0.480696082,0.312504828,0.573739588,0.526625276,0.675281346,-0.234257445,-0.160336271,-0.572236121,-0.226049706,-0.303964645,NA,NA,NA,NA,NA
sub-A00028552,0.091341197,-0.299207836,0.663249791,0.160977811,0.319558918,0.072093062,0.426560581,-0.502141178,0.294039637,0.121590346,NA,NA,NA,NA,NA
sub-A00028605,-0.039645474,0.440960795,0.8361094,0.365428418,0.409538507,0.107048579,-0.312291801,-0.65206331,-0.073530152,0.053240452,NA,NA,NA,NA,NA
sub-A00028606,0.17206645,0.32591027,0.26351887,0.481406271,0.575846255,0.062947609,-0.007565388,-0.298242182,-0.107151583,-0.138517395,NA,NA,NA,NA,NA
sub-A00028613,0.140021741,0.137331158,0.397938609,0.292899787,0.614194572,0.204228774,-0.003055362,-0.317673922,0.142083675,-0.050614052,NA,NA,NA,NA,NA
sub-A00028625,0.214330912,0.082010061,0.517107844,0.30812487,0.623115122,0.191336572,0.14453575,-0.439884573,0.277215391,0.033596106,NA,NA,NA,NA,NA
sub-A00028656,0.424479961,-0.062687628,0.72051996,0.229582012,0.367357701,-0.251229346,0.158280477,-0.628504634,0.068063371,0.073002517,NA,NA,NA,NA,NA
sub-A00028691,0.20499742,-0.010383563,0.286469638,0.408115745,0.423291534,-0.173387781,0.141086027,-0.401322454,0.012781289,0.097363003,NA,NA,NA,NA,NA
sub-A00028694,0.014640969,0.169790193,0.608382761,-0.009971873,0.389433384,0.231077671,0.113755211,-0.576269567,0.365591794,0.083778508,NA,NA,NA,NA,NA
sub-A00028753,0.097029082,0.100846231,0.390108913,0.231978834,0.367799342,0.251828521,0.111707389,-0.21423243,0.124749728,0.155783117,NA,NA,NA,NA,NA
sub-A00028822,0.246332884,0.167348117,0.400225639,0.14981024,0.431938201,0.034458924,0.216932237,-0.249837816,0.08006373,0.156784847,NA,NA,NA,NA,NA
sub-A00028844,0.653742254,0.592155159,0.899009883,0.343059063,0.648052931,-0.46164602,-0.561400652,-0.819564223,-0.196613356,-0.458103061,NA,NA,NA,NA,NA
sub-A00028845,0.351426542,-0.001953434,0.637890041,0.136397719,0.572957397,0.089238964,0.326111704,-0.117910162,0.461970419,0.191323355,NA,NA,NA,NA,NA
sub-A00028912,0.203150392,0.550720632,0.527819157,-0.399692565,0.168324575,-0.091219939,-0.451036394,-0.377242655,0.526664436,0.081071526,NA,NA,NA,NA,NA
sub-A00028929,0.174427539,0.170461491,0.714188874,-0.229963154,0.653332174,-0.061570905,-0.336244702,-0.453387052,0.297590405,-0.158884019,NA,NA,NA,NA,NA
sub-A00028994,0.455920756,-0.097511597,0.750443041,-0.040767681,0.624591827,-0.108922318,0.285598338,-0.521707237,0.532156825,-0.04215702,NA,NA,NA,NA,NA
sub-A00029076,0.001196945,0.485747904,0.649793148,0.130901575,0.061798915,-0.050391849,-0.464444637,-0.412470013,0.153312296,0.35107258,NA,NA,NA,NA,NA
sub-A00029092,0.294210672,0.175672248,0.336488307,0.341207445,0.442673594,-0.09564168,0.036545917,-0.128086075,0.183254346,0.112772182,NA,NA,NA,NA,NA
sub-A00029126,0.603643179,-0.029559981,0.866728246,0.337740779,0.669607759,-0.529928088,-0.070426933,-0.690425694,-0.065972812,-0.201402053,NA,NA,NA,NA,NA
sub-A00029303,0.712535977,0.038284298,0.770201802,0.681385636,0.775792181,-0.530952215,0.074644424,-0.793646336,-0.420813918,-0.541887939,NA,NA,NA,NA,NA
sub-A00031605,0.270674437,0.397740692,0.601344943,0.221911758,0.380594313,-0.25929898,-0.298090726,-0.545510352,0.110697538,-0.011178421,NA,NA,NA,NA,NA
sub-A00031625,0.374460101,-0.092530429,0.462632388,0.574607074,0.350165397,-0.044720814,0.289717913,-0.598207712,-0.317034632,0.120791882,0.12327908,0.163237259,0.121692307,0.160217598,0.05599064
sub-A00031871,0.671288192,0.448801279,0.84251374,0.254946649,0.811401308,-0.510986805,-0.315393776,-0.780846655,-0.005087841,-0.613767147,0.18940188,0.363548487,0.204953834,0.149267614,0.313695669
sub-A00031872,0.360445857,0.261852562,0.33497858,0.495705456,0.41992563,0.239816472,0.278815776,-0.481670976,0.298003227,0.181347385,0.233546942,0.293599784,0.117682792,0.280743808,0.195371136
sub-A00032007,0.500338495,0.057160206,0.575979114,0.642904401,0.526727915,-0.220217526,0.043871395,-0.506156206,-0.411361188,-0.229607195,-0.002562822,0.095802687,0.058320604,-0.002824486,0.073097169
sub-A00032875,0.230273649,0.189139694,0.49988398,0.169930041,0.393731117,0.240537256,0.162731037,-0.6443156,0.422954261,0.256937981,0.17604968,0.051932186,0.204202265,0.261006296,0.297041416
sub-A00032876,0.322680563,0.397803873,0.342442781,0.451995134,0.553507924,0.071769156,-0.174704731,-0.455998898,-6.95E-04,-0.037393689,0.063333891,0.102927938,0.118880987,1.55E-04,0.10753978
sub-A00033011,0.172475904,-0.022934169,0.445578843,0.302711546,0.341304183,0.112156123,0.13154304,-0.592175901,0.023786141,0.12466716,0.020372994,0.045844924,0.353987783,0.074786283,0.082904838
sub-A00033232,0.067141652,0.179391682,0.630706966,0.009535155,0.238752723,0.196661949,-0.162902951,-0.714678705,0.373334676,0.117725112,0.122202367,0.0497276,0.167109728,0.226160333,0.241909742
sub-A00033589,0.409334362,0.632953703,0.757039189,-0.207536995,0.28892386,-0.360712111,-0.537238002,-0.665807605,0.441314667,0.073307738,NA,NA,NA,NA,NA
sub-A00033609,0.204264477,0.149815053,0.781736195,0.281665474,0.781921029,-0.022973189,-0.044736594,-0.800464749,-0.105074026,-0.551406205,NA,NA,NA,NA,NA
sub-A00033643,0.634441376,0.175194621,0.718833923,0.471051246,0.619913638,-0.368766665,-0.036146905,-0.653820992,-0.129982203,-0.23362191,0.203172088,0.15409115,0.288875252,0.21981892,0.263473541
sub-A00033673,0.138215542,0.350492805,0.645813644,0.0229878,0.238044381,0.168628201,-0.123085037,-0.590236902,0.315345496,0.263971597,0.141733065,0.210363075,0.243202299,0.154864162,0.307819337
sub-A00033735,0.438772768,0.213508323,0.597639441,0.344142497,0.636839449,-0.125036076,0.03111832,-0.745955229,0.068087265,-0.245253846,0.209149048,0.045004997,0.245261028,0.111760177,0.198668733
sub-A00033747,0.518802047,0.060394365,0.460385084,0.480972409,0.443615943,-0.324390054,-0.091105893,-0.378781587,-0.194443837,-0.21633485,0.080476455,0.161781803,0.135736242,0.058614064,-0.035303958
sub-A00033748,0.266297817,0.616143703,0.155482501,-7.89E-04,0.158357307,-0.207615063,-0.571569502,-0.043326482,0.125416711,0.082445756,NA,NA,NA,NA,NA
sub-A00033764,0.02299455,0.630642354,0.408266306,-0.112144902,0.180247113,-0.019829407,-0.616624117,-0.168233603,0.2836532,0.171023712,0.141991377,0.240127072,0.224374548,0.08825209,0.073284559
sub-A00033903,0.421306193,0.220573708,0.675326943,0.031046586,0.671645463,-0.54390794,-0.003210636,-0.231591821,0.323874056,-0.099732667,0.12759085,0.28610304,0.248478517,0.260963738,0.338176727
sub-A00033963,0.438703716,0.184334531,0.252677321,0.479692191,0.413800031,-0.002263277,0.062342085,-0.427829266,0.178659156,0.105007537,NA,NA,NA,NA,NA
sub-A00033998,0.407574415,0.17159304,0.381267846,0.398811281,0.676434815,0.381352067,0.27312246,-0.475158274,0.321806014,0.032026805,NA,NA,NA,NA,NA
sub-A00034093,0.750395238,0.285951763,0.812169194,0.172708347,0.545954347,-0.662265062,-0.152700722,-0.78524667,0.047150206,-0.267650515,NA,NA,NA,NA,NA
sub-A00034400,-0.243486911,0.376233459,0.219632521,-0.262213975,0.27814886,0.421526283,-0.176229969,-0.305247039,0.645874023,0.178848505,NA,NA,NA,NA,NA
sub-A00034827,0.680058062,0.770900965,0.844244957,0.086701103,0.723819852,-0.502687812,-0.687825918,-0.635926723,0.090981275,-0.39020437,0.141014189,0.22843276,0.300654382,0.034166161,0.210311472
sub-A00034854,0.324072719,0.18922773,0.372202843,0.602940619,0.588899732,-0.14744921,0.006221302,-0.421251684,-0.232899293,-0.176487103,-0.003993849,0.119064368,0.039388414,0.183984026,0.060300931
sub-A00034987,0.258289486,0.514076114,0.553233802,-0.081134811,0.016795753,-0.178239986,-0.423755497,-0.54887408,0.231942788,0.18573983,0.106982112,0.146604761,0.204904422,0.040091023,0.028013406
sub-A00035054,0.56954515,0.218595013,0.516290069,0.503540039,0.649667561,-0.312095523,0.074651852,-0.49511379,-0.075828679,-0.283070147,0.249637127,0.111513928,0.294166088,0.287359148,0.395577401
sub-A00035072,0.233978093,0.292404681,0.175861239,0.16668351,0.338830143,0.233179107,-0.19061324,-0.194001138,0.320390522,0.342255235,0.075653769,0.101930462,0.120123513,0.09833236,0.087499902
sub-A00035363,0.472955227,0.111022338,0.580231369,0.628208458,0.651878417,-0.430264324,-0.176452354,-0.399066925,-0.503577709,-0.34941557,NA,NA,NA,NA,NA
sub-A00035378,0.282912076,0.247383416,0.423656344,0.221450329,0.425791681,-0.056480993,0.096065789,-0.635810196,0.196443155,0.026598584,NA,NA,NA,NA,NA
sub-A00035437,0.438250214,0.141043007,0.301490068,0.46978116,0.436235994,-0.09523315,0.102424636,-0.438526779,-0.091800101,-0.085906863,NA,NA,NA,NA,NA
sub-A00035440,0.265562147,0.31010294,0.321645945,0.22442168,0.513706625,0.390177637,0.364757746,-0.284215301,0.600038052,0.318531334,0.179456726,0.080255687,0.115033664,0.14491345,0.325556725
sub-A00035504,0.518320203,0.249474853,0.799866676,0.34775728,0.689956546,-0.090955593,-3.37E-05,-0.524196625,0.187130287,-0.15467006,NA,NA,NA,NA,NA
sub-A00035606,-0.177440852,0.232956499,0.208085924,-0.089056447,0.331736356,0.316193432,-0.136297539,-0.097633488,0.287978292,0.045205038,0.190730065,0.198744565,0.118297964,0.252668083,0.110803477
sub-A00035608,0.322408915,-0.085650556,0.620924115,0.327945054,0.490120351,0.181262687,0.336097687,-0.53705138,0.271908104,0.095587306,0.321365684,0.329774886,-0.023650853,0.375670254,0.351390123
sub-A00035625,0.130440369,0.193487316,0.34346199,0.215397298,0.518734694,0.083208926,0.165599108,-0.53843081,0.17371197,-0.06795457,0.094492793,0.074183546,0.09995614,0.039223552,0.092440449
sub-A00035765,0.393773705,0.089690939,0.389356732,0.117729388,0.57409811,-0.11311388,0.126191601,-0.519715548,0.289496869,-0.205435812,0.274420917,0.037470177,0.150039926,0.183642909,0.143033415
sub-A00035827,0.408269912,0.253826946,0.593523443,0.399566114,0.515618026,-0.255700409,-0.296157151,-0.516323388,-0.108427592,-0.285504639,NA,NA,NA,NA,NA
sub-A00035840,0.648316801,0.516611099,0.180923998,0.523012519,0.674413502,-0.476785809,-0.436202943,-0.119317368,-0.344320297,-0.329904705,0.103713915,0.12956132,0.166678026,0.158698782,0.04473519
sub-A00035879,0.607768774,-0.113705225,0.49631834,0.443273067,0.669970155,-0.444243968,0.046040908,-0.354974777,-0.104934908,-0.461223066,NA,NA,NA,NA,NA
sub-A00035881,0.545464218,0.367429018,0.609395385,0.423684984,0.588053405,-0.377123594,-0.265625805,-0.714335799,-0.080506884,-0.24570109,NA,NA,NA,NA,NA
sub-A00035926,0.299218327,0.094234012,0.345376134,0.431561232,0.496790886,0.079145677,0.314278483,-0.574842632,0.069247916,-0.010861542,0.205240235,0.353236854,-0.21374929,0.288577259,0.254866034
sub-A00035943,0.570265651,0.302891552,0.764431596,0.199617073,0.619452775,-0.531467736,-0.29535073,-0.682663679,-0.013742132,-0.293490589,0.386083573,0.133621454,0.298495531,0.18845962,0.110967807
sub-A00035951,0.541949868,0.064137794,0.760593116,0.409010947,0.217938319,-0.394434273,-0.070667334,-0.736258268,-0.235505611,-0.012754382,0.316142142,0.097466342,0.440633684,0.339705646,0.057849556
sub-A00035960,0.696577132,-0.128056452,0.717132211,0.729782581,0.728508711,-0.472506195,0.360338598,-0.788231969,-0.437844038,-0.467823833,NA,NA,NA,NA,NA
sub-A00037110,0.586913705,0.11605484,0.109866366,0.519140124,0.478664577,-0.116602011,0.199705794,-0.258780241,0.030594967,-0.009668094,NA,NA,NA,NA,NA
sub-A00037111,0.233487591,0.252591163,0.449351907,0.234729439,0.522202432,0.20461534,0.133524314,-0.457896084,0.147456527,0.065945111,0.099265121,0.056927055,0.169482321,0.113305889,0.164024621
sub-A00037115,0.219808176,0.134839863,0.47866556,-5.07E-04,0.351015121,0.001125723,-0.089656696,-0.346485436,0.157884732,0.009532052,0.111275569,0.298264056,0.241836071,0.225403264,0.107754707
sub-A00037117,0.550521493,-0.220422924,0.548102081,0.430915773,0.67924571,-0.321944594,0.189061195,-0.457899511,-0.093749702,-0.388412327,0.070217229,0.108241752,0.005299877,0.021678388,-0.064243868
sub-A00037118,0.349328846,-0.048580963,0.285459697,0.483923048,0.406402349,-0.156798616,0.154709935,-0.189853042,-0.262350261,-0.090184927,0.187376991,-0.051428292,0.251515806,0.174616545,0.144958764
sub-A00037120,0.523905575,0.285916775,0.519519389,0.08539962,0.50861752,-0.063734978,-0.019337857,-0.442638576,0.182285652,-0.046484813,NA,NA,NA,NA,NA
sub-A00037170,0.425332218,-0.077627741,0.399420649,0.017841788,0.374546289,-0.34320277,0.142618105,-0.36219126,0.167455062,-0.14662759,0.096274354,0.139534444,0.129436284,0.027553791,0.116806254
sub-A00037198,0.64003557,-0.049575001,0.616191089,0.023545224,0.540583611,-0.789483726,0.261485487,-0.755973995,0.340652674,-0.024719423,0.568291306,0.088011645,0.568728805,0.196999565,0.491259545
sub-A00037266,0.454462737,0.174639866,0.852160096,0.311417609,0.612527072,-0.380899906,-0.265487283,-0.756505966,-0.133955672,-0.43328765,0.127937824,0.077893354,0.279001832,0.149492756,0.031030556
sub-A00037377,-0.015794169,0.324356079,0.699074507,-0.081728555,0.407841176,0.106947221,-0.316485316,-0.637049675,0.25844115,-0.127844959,0.156791925,0.202212349,0.206681684,0.152080402,0.214122847
sub-A00037386,0.441431403,0.380307555,0.618885398,0.381130695,0.458642274,-0.298340857,-0.10256882,-0.674245,-0.08642628,-0.147273302,0.179210424,0.212494865,0.123506814,0.187202498,0.082274944
sub-A00037439,0.57268101,0.424335867,0.859313071,-0.232369512,0.413835406,-0.590429187,-0.442269921,-0.73360461,0.41530937,-0.103892401,-0.012567635,0.037383281,0.004130519,0.213192016,0.152381629
sub-A00037445,0.370182991,0.194307297,0.381912559,0.24679862,0.434771508,-0.225128055,0.064170286,-0.498630315,0.057984274,-0.217317551,0.058469247,0.04954553,0.272165865,0.119135328,0.194955602
sub-A00037457,0.322058797,0.405230671,0.423143566,0.270119667,0.379665345,0.079090424,0.040780511,-0.335947573,0.36125049,0.320294678,0.159933925,0.327768028,0.209605023,0.388909727,0.489615291
sub-A00037492,0.360391408,0.368676752,0.690159798,0.703883231,0.624183536,-0.101758808,-0.390020698,-0.442649394,-0.352891207,-0.196577892,0.092753097,0.082882188,0.207226023,0.259175569,0.28861475
sub-A00037510,0.590822577,0.254050761,-0.008849066,0.613981068,0.522131503,-0.148147881,-0.042474307,-0.203690872,-0.163767993,-0.023491072,0.210228264,0.249274045,0.04873905,0.18633984,0.113681152
sub-A00037522,0.17827861,-0.041007929,0.50836432,0.533278823,0.606660008,-0.015337592,0.029634537,-0.521680593,-0.189610466,-0.234660134,NA,NA,NA,NA,NA
sub-A00037531,0.27221489,-0.087533012,0.314868152,0.381532431,0.255428344,0.050184224,0.185258985,-0.274801344,0.097097583,0.254218727,0.046832673,0.187418237,0.08888223,0.142738715,0.154776156
sub-A00037725,0.484613508,0.151329666,0.513424754,0.133623824,0.615938067,-0.367008746,-0.044445783,-0.461147249,0.153721645,-0.217309102,0.061230179,0.144720435,0.193105683,0.052332453,0.105191514
sub-A00037767,0.485803396,0.72222054,0.787926793,-0.127578571,0.506491959,-0.428463995,-0.664500356,-0.538672984,0.307868809,-0.109907188,0.397711903,0.456784129,0.498929083,0.14925456,0.400691062
sub-A00037768,0.219757751,0.007787023,0.589235306,0.647673488,0.553104877,0.02991879,-0.160287678,-0.602872968,-0.369491726,-0.164035201,0.146593973,0.05588714,0.223242342,0.295274884,0.325404942
sub-A00037783,0.65517199,0.362712473,0.6268062,0.343855351,0.559737325,-0.382818013,-0.122240759,-0.676665545,0.033091247,-0.179783508,0.22830452,0.168687165,0.173495665,0.120835297,0.13955529
sub-A00037818,0.491454124,0.263106316,0.465819776,0.574198484,0.831670463,-0.374325722,-0.164770842,-0.727977157,-0.037214588,-0.09669783,NA,NA,NA,NA,NA
sub-A00037831,0.029045613,0.528192699,0.571089625,0.518241704,0.432136357,0.097184591,-0.309535146,-0.602784038,-0.248107031,-0.195314422,NA,NA,NA,NA,NA
sub-A00037848,0.453508496,0.293128043,0.81848985,-0.028181659,0.736807346,-0.547690272,-0.348031849,-0.655462086,0.20932214,-0.440536916,0.237132579,0.368755609,0.123462543,0.293044031,0.250718802
sub-A00037877,0.571478486,0.122457184,0.792067647,0.270146906,0.582450271,-0.407318234,-0.090915076,-0.578597903,0.039312657,-0.152068034,0.212090671,0.122636013,0.175185561,0.116391271,0.249515831
sub-A00038285,0.330132842,0.33397305,-0.03915951,0.506574452,0.490681201,0.032241322,0.042814013,-0.34074977,0.132746845,0.253848672,-0.018058034,0.173250198,0.089002751,-0.128083721,0.002191906
sub-A00038414,0.459841609,0.471286863,0.643085599,0.130413637,0.600939572,-0.32261169,-0.407399178,-0.276107997,0.251884997,-0.099470459,0.197445169,0.243894428,0.602053165,0.340909839,0.519025385
sub-A00038424,0.433601677,0.385941923,0.560468793,0.301664412,0.504748344,-0.089695066,0.014010928,-0.519138336,0.108691677,-0.141753167,NA,NA,NA,NA,NA
sub-A00038519,0.08053197,-0.039583199,0.426849693,0.17853947,0.280664206,0.261369586,0.314273477,-0.548234105,0.17987217,0.199316502,NA,NA,NA,NA,NA
sub-A00038520,0.250933349,0.308706433,0.275364667,0.150795475,0.297606885,0.22575888,-0.045472436,-0.352141112,0.276524156,0.119912975,NA,NA,NA,NA,NA
sub-A00038605,0.191382781,0.010468207,0.233566374,0.174381942,0.227838442,0.134454891,0.266717941,-0.289096743,0.24203825,0.320350736,0.182577118,0.2078567,-0.077671178,0.154751375,0.09948951
sub-A00038616,0.413254708,0.207747698,0.24511005,0.370461702,0.39549759,-0.186741501,-0.075003378,-0.170605287,0.049704116,0.208527938,0.01294123,0.035836067,0.130842209,0.194383755,0.401270539
sub-A00038718,0.34914875,-0.222357213,0.382853568,0.207456395,0.541010201,0.100121573,-0.02215684,-0.361094683,0.193633363,0.049180724,0.103722699,0.159226775,0.11522387,0.093271367,0.106333867
sub-A00038731,0.268653631,0.020830778,0.440694243,0.283198327,0.298795462,0.161330327,0.139502063,-0.43342647,0.241272375,0.216464654,0.078217551,0.006657703,0.218417972,0.159616128,0.222074404
sub-A00038805,0.228564501,0.22743465,0.507578909,0.290957928,0.526364148,0.061380602,0.066040359,-0.675586402,-0.012607302,-0.217523679,0.050971255,0.010600323,0.277785718,0.088906288,0.24117671
sub-A00038817,0.245160222,0.203263819,0.466530383,-0.300966501,0.191740051,-0.00403033,-0.124295227,-0.333557695,0.5532884,0.208824232,NA,NA,NA,NA,NA
sub-A00038832,0.498817444,0.41164279,0.643574834,0.513381183,0.580266118,-0.439235479,-0.347110599,-0.558329403,-0.422324687,-0.30461961,0.287113309,0.068755776,0.302259684,0.275739163,0.213232428
sub-A00038957,0.421088517,-0.016251262,0.569237769,0.224557981,0.416316122,-0.212265849,0.017542616,-0.45501256,0.008324355,-0.101375125,NA,NA,NA,NA,NA
sub-A00038959,-0.173428968,0.43619895,-0.10175617,0.349624276,0.397315562,0.405814707,-0.294966698,0.098076478,-0.106179208,0.006482099,-0.001991795,0.198900774,0.096054614,0.204694137,0.126372814
sub-A00039040,0.422284812,0.231096551,0.514982224,0.351748317,0.496839017,0.237579882,0.297048867,-0.483300239,0.311719745,0.199711367,NA,NA,NA,NA,NA
sub-A00039041,0.179197684,-0.061518997,0.439803004,0.277965993,0.447861463,0.068043277,0.226196676,-0.540858448,0.06723804,-0.118906356,0.131966278,0.118229203,0.090606056,0.097979166,0.029258972
sub-A00039074,0.608988345,-0.149675578,0.81450814,0.417380065,0.310981333,-0.565855145,0.049273696,-0.726911128,-0.323304474,-0.105218664,NA,NA,NA,NA,NA
sub-A00039083,0.594661474,0.197161496,0.466146618,0.404578924,0.585983217,-0.442794144,-0.161484778,-0.284748703,-0.307374209,-0.438167691,NA,NA,NA,NA,NA
sub-A00039084,0.447606504,-0.090906911,0.646759689,0.230231628,0.271011621,-0.286929399,0.243465081,-0.50877291,0.265591472,0.211563215,0.149724573,0.196957991,0.309461951,0.08518026,0.265385032
sub-A00039118,0.60963124,0.27563557,0.038380787,0.503745496,0.604217827,-0.187907323,0.042120408,-0.477157682,0.018684637,-0.106584407,NA,NA,NA,NA,NA
sub-A00039143,0.374391615,0.100406162,0.482524097,0.433125556,0.478221595,-0.134287953,-0.02130357,-0.511492133,-0.006364726,-0.060325827,0.175419271,0.093981259,0.326196343,0.139722452,0.158074945
sub-A00039249,0.171334103,0.405899853,0.153815687,0.503704607,0.426784188,0.066041127,0.031961057,-0.477452278,-0.098230667,0.046896115,NA,NA,NA,NA,NA
sub-A00039257,0.179577291,0.058847941,0.333456635,0.411154419,0.661610544,0.161223888,0.184437141,-0.477259159,0.278609455,-0.0044288,NA,NA,NA,NA,NA
sub-A00039331,0.355914086,0.113352321,0.731285155,0.392644584,0.659327388,-0.013924711,-0.051521748,-0.465597987,0.122114465,-0.240463734,NA,NA,NA,NA,NA
sub-A00039391,0.117670365,-0.04109538,0.48825565,-0.134122416,0.064622156,0.007843434,0.113388225,-0.264040172,0.236863121,0.216594592,NA,NA,NA,NA,NA
sub-A00039393,0.28140077,0.303643316,0.133426756,0.49801597,0.499939561,0.434275538,0.46572572,-0.645842612,0.389391154,0.313592046,NA,NA,NA,NA,NA
sub-A00039431,0.611710668,0.074303098,0.495093971,0.096768975,-0.018230127,-0.48803401,0.019195236,-0.435088843,0.04290833,0.200321555,NA,NA,NA,NA,NA
sub-A00039432,0.448066324,0.063370571,0.562272131,0.276661515,0.561804295,0.055222258,0.139524981,-0.535990357,0.182229578,-0.003547234,NA,NA,NA,NA,NA
sub-A00039461,0.445695579,0.098442458,0.696630776,0.386288673,0.549519658,-0.030425018,0.052689876,-0.61459595,0.208146945,0.024345808,NA,NA,NA,NA,NA
sub-A00039463,0.488679737,0.030713251,0.423574656,0.552697539,0.240238085,-0.270150602,0.080404282,-0.292559147,-0.246496275,0.187878087,0.148798138,-0.065921865,0.466989905,0.256542146,0.348061562
sub-A00039490,0.580642462,0.174700975,0.661623478,0.670029104,0.442976296,-0.319169968,0.007436078,-0.54984194,-0.161297649,0.105175391,NA,NA,NA,NA,NA
sub-A00039593,0.459462404,0.64962256,0.742943883,0.410687149,0.724125028,-0.219293892,-0.482730091,-0.515877068,-0.084290519,-0.364381939,0.35496366,0.374600381,0.32876569,0.343748868,0.408458829
sub-A00039636,0.267635077,0.219545767,0.242683738,0.475143492,0.434771776,-0.123869061,-0.021938466,-0.180328742,0.033339836,0.095620565,0.068332799,0.117628776,0.118854754,0.204536155,0.215006158
sub-A00039639,0.387476534,0.233016491,0.68535459,0.403012574,0.707163453,-0.189022541,-0.083088674,-0.56264919,-0.07050918,-0.268579334,NA,NA,NA,NA,NA
sub-A00039640,0.437720001,0.463985443,0.294668078,0.442413539,0.4320696,-0.164083987,-0.257488817,-0.51785326,-0.066705182,-0.032598928,NA,NA,NA,NA,NA
sub-A00039655,0.256678939,-0.057212148,0.676059842,0.126099601,0.644204974,0.015151516,0.289732546,-0.670633733,0.301913977,-0.183732703,NA,NA,NA,NA,NA
sub-A00039669,0.018553631,0.22603707,0.309019655,0.189068854,0.360401481,0.102070555,0.290647209,-0.204345301,0.472655565,0.176082611,0.097829491,0.047698561,0.090058148,0.080034234,9.12E-04
sub-A00039699,0.529380202,0.426915973,-0.011533285,0.705319345,0.657708585,0.370450884,0.169435725,-0.356375515,0.112064771,0.150371686,NA,NA,NA,NA,NA
sub-A00039700,0.119962901,0.356932342,-0.119807191,0.323731452,0.539040804,0.236152798,5.27E-04,-0.14132081,0.344814748,-0.049940579,NA,NA,NA,NA,NA
sub-A00039758,0.282604456,0.481796592,0.741192043,0.475561351,0.625832021,-0.06420774,-0.321320355,-0.77673471,-0.210350499,-0.3601228,NA,NA,NA,NA,NA
sub-A00039783,0.349181801,0.119514883,0.583254457,0.466582745,0.613087535,-0.204150006,-0.212255046,-0.464402646,-0.175591812,-0.278735757,0.161202192,0.056348734,0.410601407,0.130669743,0.263695985
sub-A00039820,0.466370523,0.369389415,0.596096575,0.178914085,0.436601758,-0.293748051,-0.256717086,-0.345770538,0.149082199,-0.138949871,NA,NA,NA,NA,NA
sub-A00039846,0.429813027,0.127034292,0.209795997,0.175023854,0.490474582,-0.166352212,0.175140485,-0.525032222,0.420312852,-0.095806681,0.049480423,0.252390206,-0.068812609,0.364392728,0.268026531
sub-A00039966,0.175681293,-0.030293377,0.420154512,0.215292424,0.493887693,0.275887132,0.194421157,-0.547322631,0.210815042,-0.143797591,NA,NA,NA,NA,NA
sub-A00039974,0.107534125,0.349389404,0.440609872,-0.099190935,0.434247643,0.079893544,-0.186451197,-0.381540716,0.493646085,-0.088196822,NA,NA,NA,NA,NA
sub-A00039988,0.258999556,0.107506283,0.674893618,0.088062815,0.597421229,-0.052016485,0.084109932,-0.562131584,0.099843025,-0.254216641,0.1976486,0.049280591,0.25704363,0.078631237,0.102267347
sub-A00040091,0.42612195,0.277075529,0.12843065,0.406145096,0.500542521,0.060474917,0.021637209,-0.407568872,-0.009547319,0.07277111,NA,NA,NA,NA,NA
sub-A00040151,-0.078851648,0.099877141,0.299049139,0.162845105,0.54575491,0.323366851,0.063373603,-0.232923746,0.189259022,-0.144187152,0.217968836,0.263623238,0.035188276,0.119762205,0.153223276
sub-A00040152,0.334624797,0.096400186,0.576151252,0.479051381,0.655137718,-0.187964514,-0.042577878,-0.564326048,-0.112098992,-0.345968038,NA,NA,NA,NA,NA
sub-A00040174,0.423070461,-0.032650154,0.456923842,0.356077701,0.284297973,0.0418589,0.257413179,-0.321758538,0.255509794,0.457524389,-0.041137412,0.069671378,0.1059108,0.018689245,0.032831792
sub-A00040181,0.229548782,-0.202012792,0.580060899,0.338621497,0.345380336,0.212588727,0.186897814,-0.180094317,0.31189093,0.316953093,NA,NA,NA,NA,NA
sub-A00040182,0.613721073,-0.007772268,0.418191701,0.232021391,0.470544308,-0.316498011,-0.099570416,-0.116299354,0.195157349,-0.002606472,NA,NA,NA,NA,NA
sub-A00040193,0.607028723,0.329687297,0.713547826,0.049122266,0.189904928,-0.524271846,-0.336175978,-0.604254484,0.11230851,-0.031386822,NA,NA,NA,NA,NA
sub-A00040225,0.325643897,0.417324007,0.39392817,0.423396677,0.626563787,-0.026935546,-0.070152581,-0.588340282,0.057126779,-0.116685636,NA,NA,NA,NA,NA
sub-A00040226,0.538021922,0.066929616,0.727633417,0.071715355,0.37653023,-0.264151812,0.038543135,-0.650508881,0.372037798,-0.026156066,0.150518715,0.186365336,0.07642702,0.291957825,0.232073247
sub-A00040257,0.522648036,0.209130242,0.391825676,-0.096474722,0.52187109,-0.005487515,0.042801157,-0.417092085,0.537371218,-0.122321062,NA,NA,NA,NA,NA
sub-A00040285,0.301695198,0.651908398,0.724899709,0.150929168,0.50375104,0.085445493,-0.505702555,-0.733009994,0.257966489,-0.139749184,NA,NA,NA,NA,NA
sub-A00040301,0.693186998,0.313475966,0.599399984,0.07995107,0.661844015,-0.628292561,-0.258862644,-0.391948938,0.235565647,-0.468293667,0.072828636,0.176292419,0.226243883,0.240474865,0.116410762
sub-A00040311,0.306433052,0.286402613,0.511397183,0.186907172,0.318761289,-0.011383205,-0.139408678,-0.530407965,0.067176901,0.065201998,NA,NA,NA,NA,NA
sub-A00040351,-0.176962346,0.184013233,0.413519204,-0.295332164,0.178582221,0.114018753,-0.201350257,-0.227106646,0.411894888,0.149052903,NA,NA,NA,NA,NA
sub-A00040383,0.257563144,0.034872673,0.186987489,0.462221593,0.340226978,3.21E-04,0.088395581,-0.035411526,-0.063434146,0.121764407,NA,NA,NA,NA,NA
sub-A00040439,0.296920687,0.24039112,0.167177305,0.417198211,0.481447369,0.195347056,0.087976016,-0.362631261,0.149723306,0.058024898,NA,NA,NA,NA,NA
sub-A00040461,0.199803889,0.219060302,0.477161676,-0.135774523,0.307697266,0.012906708,-0.011524014,-0.366565585,0.379361004,0.055203531,NA,NA,NA,NA,NA
sub-A00040462,0.459277898,0.093795247,0.427327722,0.401804715,0.578936636,-0.003732762,0.286446393,-0.641636372,0.012330375,-0.261787683,NA,NA,NA,NA,NA
sub-A00040493,0.136991814,0.15232344,0.334426761,0.017023442,0.25861147,0.204439133,-0.059484534,-0.11683327,0.240944833,0.223505571,NA,NA,NA,NA,NA
sub-A00040494,0.064541489,0.065754689,0.535887897,-0.628869474,0.220275387,5.59E-04,-0.026182055,-0.428267032,0.736705184,-0.023324646,0.066296667,0.170192033,0.318314344,0.073703557,0.13696973
sub-A00040500,0.578072429,0.200976238,0.519708216,0.432623059,0.376913786,-0.324302137,-0.169190452,-0.218666121,-0.244051546,0.08961527,0.111251727,0.073449336,0.169307694,0.136527359,0.31652841
sub-A00040517,0.265548557,0.276673824,0.505686224,0.308919638,0.736706674,0.162716478,0.054840356,-0.623946428,0.007245257,-0.481615394,NA,NA,NA,NA,NA
sub-A00040524,0.663475454,-0.133853421,0.696838379,0.677242756,0.400209427,-0.660346091,-0.254895926,-0.544728696,-0.355648458,0.022420211,NA,NA,NA,NA,NA
sub-A00040525,0.170422658,-0.062542997,0.433440536,0.459389836,0.212900802,0.098759934,0.385891944,-0.626770496,-0.162468165,0.139850169,0.201192439,0.335757345,-0.141386181,-0.093398839,0.064029343
sub-A00040543,0.218530968,0.060157239,0.466768563,0.379692316,0.555592179,0.200416446,-0.126813993,-0.483918965,0.070377514,-0.31235075,0.082724147,0.049689598,0.104814291,0.057102278,0.058006544
sub-A00040573,0.380059361,-0.05253784,0.432800442,0.211261258,0.380629301,-0.181237206,0.336989075,-0.449711263,0.192724347,-0.01295801,0.22525768,0.106183544,0.099829331,0.2156948,0.345367074
sub-A00040580,0.445413858,-0.014477679,0.513932288,0.270281017,0.489192516,-0.067181259,0.243639916,-0.3679865,0.125050709,-0.037492801,0.071608283,0.224557161,0.352850735,0.209924549,0.161913931
sub-A00040599,0.464505583,-0.134262338,0.65904671,0.37871325,0.688468456,-0.382836998,0.025872331,-0.549421132,-0.241987795,-0.552182257,0.205136791,0.139159232,0.489628226,0.136657864,0.216490656
sub-A00040628,0.040003732,-0.081005812,0.459811062,0.393074304,0.377466321,0.102508664,0.096556611,-0.493095011,-0.121440038,-0.027819691,0.107177705,0.114390589,0.217848629,0.061981581,0.112080842
sub-A00040629,0.13744913,0.227255464,0.455434859,0.385089517,0.53691411,-0.13413085,-0.080053963,-0.334083796,-0.211104974,-0.120150357,NA,NA,NA,NA,NA
sub-A00040640,0.553939879,-0.20619832,0.434702635,0.130507424,0.179630384,-0.175239876,0.407613993,-0.53727597,0.282806039,0.378286481,NA,NA,NA,NA,NA
sub-A00040678,0.415687442,0.38600117,0.297528386,0.124547556,0.423982352,-0.294194371,-0.30606997,-0.114339143,0.173099503,-0.141451523,0.146971181,0.002021294,0.21036154,0.125316739,0.094958283
sub-A00040740,0.250929415,-0.568138778,0.611468315,-0.3514162,0.758271396,-0.120279692,0.421300441,-0.374872714,0.398196429,-0.637981415,0.046153732,0.365758151,0.141570508,0.407600164,-0.022670778
sub-A00040757,0.389845133,0.231753677,0.578897953,0.50503248,0.557737947,0.159097552,0.136434272,-0.519540668,0.124993242,-0.3018848,NA,NA,NA,NA,NA
sub-A00040784,0.296115696,-0.048357405,0.436878204,0.397208601,0.459010065,0.12404602,0.02159277,-0.263784975,0.040916514,-0.024701355,NA,NA,NA,NA,NA
sub-A00040890,0.330492407,0.091527015,0.457288861,0.390616328,0.624220312,0.019597398,0.035692796,-0.579586089,0.216009974,-0.082389668,0.061585747,0.056250125,0.191681698,0.137369409,0.155638248
sub-A00040915,0.437167287,0.242415234,0.241249025,0.469125926,0.519283593,-0.082403094,0.037082642,-0.334350139,-0.04587825,-0.088758238,NA,NA,NA,NA,NA
sub-A00041049,0.324718088,0.034861572,0.437208414,0.154286847,0.085993886,0.065290011,0.272875816,-0.114480779,0.440521955,0.543329775,NA,NA,NA,NA,NA
sub-A00041540,0.167836636,0.102177382,0.610977173,0.217114449,0.632572412,0.048953973,0.159117147,-0.569990695,0.140337214,-0.204768866,0.303594232,0.343175858,0.110246748,0.317609012,0.30320397
sub-A00043283,0.18939124,0.057475273,0.353402346,0.046584837,0.260899156,0.002794222,0.027472304,-0.447483033,0.311622322,0.074845076,0.194438607,0.202164814,0.07956513,0.262398005,0.257827073
sub-A00043417,0.181177869,0.216009364,0.236807212,0.321595013,0.593732774,0.227528155,-0.011254091,-0.383989871,0.302667618,-0.187426537,0.165912405,0.13626565,0.114927791,0.14282757,0.212395549
sub-A00043450,0.342020512,0.266933233,0.296099156,0.397849023,0.549538553,-0.115914293,-0.087839648,-0.448991299,-0.062148415,-0.133709952,0.159780651,0.101754218,0.05649985,0.180814773,0.219499201
sub-A00043462,0.469213843,0.097049944,0.271677256,0.216590241,0.290379226,-0.240452901,-0.080770761,-0.26236105,0.040534414,0.028047903,NA,NA,NA,NA,NA
sub-A00043466,0.518491268,0.151272863,0.663187027,0.290434211,0.054184705,-0.393484384,-0.238339081,-0.624506235,0.029318467,0.300680697,0.165965408,0.14341788,0.215468988,0.42748031,0.432109982
sub-A00043520,0.188687563,0.331980228,0.481996268,0.289005965,0.536666811,-0.004920116,-0.113969542,-0.311798394,0.096119091,-0.122987628,NA,NA,NA,NA,NA
sub-A00043521,0.251787215,0.30817163,0.291409284,0.185916096,0.439170778,0.039913341,-0.21304898,-0.028402466,0.197716147,0.041389119,0.12278863,0.056040086,0.073742025,0.109946571,0.091163531
sub-A00043634,0.196823746,0.401102901,0.424633026,0.190741435,0.538350344,0.097263791,-0.178981081,-0.317771763,0.089244209,-0.139944762,0.089139,0.047179576,0.112633459,0.096200161,0.11202205
sub-A00043635,0.276342392,-0.248244703,0.69352293,0.005716867,0.568138778,0.1351026,0.429243088,-0.578680575,0.47760734,0.032203026,0.099644534,0.23758398,-0.045097027,0.259811789,0.137665197
sub-A00043649,0.543534577,0.219246745,0.801606059,0.418628424,0.529127419,-0.370480269,-0.312546104,-0.585606337,-0.065333769,-0.163771942,NA,NA,NA,NA,NA
sub-A00043704,0.439416915,-0.346044987,0.659467936,0.3812114,0.676733792,-0.407291889,0.262354046,-0.540327668,-0.051698506,-0.35171783,NA,NA,NA,NA,NA
sub-A00043721,0.106215633,0.300865173,0.49534139,-0.475600958,0.339200497,-0.136670426,-0.181552455,-0.532315493,0.620095372,-0.22072722,0.21041362,0.151330531,0.501004636,0.306668907,0.205597967
sub-A00043739,0.360706151,-0.240983099,0.356684595,-0.248144463,0.47803694,-0.299325168,0.266398102,-0.114299826,0.57649672,-0.221267432,NA,NA,NA,NA,NA
sub-A00043762,0.692984641,-0.041167922,0.518941879,0.579185367,0.662712038,-0.00483931,0.202772513,-0.66062367,0.095978774,-0.044675231,NA,NA,NA,NA,NA
sub-A00044011,0.528862,0.243054867,0.638849556,0.05465889,0.484835118,-0.177678078,-0.187850296,-0.464577556,0.353814781,0.007980924,NA,NA,NA,NA,NA
sub-A00044131,0.36796701,0.001088823,0.309162557,0.303064853,0.454276413,0.003301437,0.015690072,0.140657559,0.302407742,0.163812578,0.145077363,0.270010024,-0.131584048,0.110656209,0.113479324
sub-A00044291,0.684352279,-0.116316073,0.504398704,0.859006584,0.668824673,-0.379190922,0.332217813,-0.700604975,-0.525465012,-0.243966103,NA,NA,NA,NA,NA
sub-A00044410,0.030167094,0.165228322,-0.080066986,-0.636847615,0.03402216,0.114011265,-0.144825667,0.302708179,0.803776324,0.178081095,NA,NA,NA,NA,NA
sub-A00045589,0.148279846,0.406986952,0.63911742,0.330962807,0.609215438,0.027429458,-0.135159686,-0.599368691,0.175045699,-0.108933657,NA,NA,NA,NA,NA
sub-A00045590,0.470834285,-0.096553974,0.505125165,0.235733196,0.371008486,-0.205798984,0.035257559,-0.549162745,0.212708294,0.099145845,NA,NA,NA,NA,NA
sub-A00050679,0.27637282,0.061869394,0.155521572,0.196896806,0.353550315,0.020311067,-0.008042112,-0.188894391,0.34947142,0.188125432,NA,NA,NA,NA,NA
sub-A00050720,0.716303349,-0.127219364,0.848569989,0.527893662,0.551139653,-0.493137002,0.201782182,-0.688586473,-0.175558597,-0.12058758,NA,NA,NA,NA,NA
sub-A00050815,0.235700861,0.169706732,0.475838542,0.411856413,0.766404569,0.142994434,0.059081867,-0.600789189,0.054924306,-0.352795005,NA,NA,NA,NA,NA
sub-A00050940,0.613315105,0.150354356,0.811584473,0.519554615,0.587762058,-0.724160492,-0.275106966,-0.555940747,-0.255474538,-0.191431761,NA,NA,NA,NA,NA
sub-A00050977,0.293265969,0.046810538,0.704571903,0.336418927,0.616344154,0.312739015,0.007028752,-0.274920404,0.326583207,0.137129739,NA,NA,NA,NA,NA
sub-A00051023,-0.291103542,0.042081956,0.614608824,-0.095174916,0.228063986,0.270416617,0.081369147,-0.392270416,0.05757945,0.15039216,NA,NA,NA,NA,NA
sub-A00051529,0.441099435,0.247124776,0.240430221,0.386733681,0.573304772,0.150009975,0.127146095,-0.576041698,0.253361523,-0.263449848,NA,NA,NA,NA,NA
sub-A00051676,0.280048728,0.27320686,0.891930163,-0.112000108,0.299214423,-0.050865117,-0.281485498,-0.695011139,0.439277858,0.094271876,NA,NA,NA,NA,NA
sub-A00051678,0.247955158,-0.053812221,0.681550324,-0.146146327,0.347432733,0.214479178,0.308647335,-0.355702698,0.508231521,0.244317442,NA,NA,NA,NA,NA
sub-A00051835,0.209043831,-0.072955504,0.627894461,0.582316577,0.226335153,0.188953519,0.322873354,-0.725583494,-0.307797432,0.024027189,NA,NA,NA,NA,NA
sub-A00052117,0.742523968,-0.003988222,0.338285565,0.464440018,0.634576678,-0.559103847,0.063121617,-0.228663534,-0.056277931,-0.196237683,NA,NA,NA,NA,NA
sub-A00052180,0.449160337,0.386258721,0.037521653,0.419795871,0.092770092,-0.436053157,-0.401897103,0.198880136,-0.30237329,0.165531039,NA,NA,NA,NA,NA
sub-A00052181,-0.204588518,-0.023657186,0.643706679,-0.081172198,-0.012094419,0.48777023,0.300721884,-0.484413087,0.348245978,0.367437541,NA,NA,NA,NA,NA
sub-A00052235,0.44724375,0.039217167,0.550320268,0.510438859,0.434433639,-0.258611977,0.051793605,-0.535062134,-0.228141919,-0.125620693,NA,NA,NA,NA,NA
sub-A00052319,-0.218494177,0.094437458,0.715436518,-0.140804708,-0.330607563,0.071358606,-0.271428287,-0.746081471,0.152068183,0.341795892,0.083487287,0.073137365,0.330120862,0.098085418,0.008285007
sub-A00052340,0.438105196,0.282867491,0.554948211,0.474487752,0.35199514,-0.08867985,-0.133289844,-0.695961177,-0.130592629,-0.175206795,0.408706546,0.349022448,0.14994511,0.321250618,-0.061075334
sub-A00052500,0.572649062,-0.115964472,0.767030001,0.065420203,0.431237966,-0.394105703,0.012790988,-0.588217378,0.193405405,-0.053751558,0.035497554,0.124344155,0.096576355,0.172731251,0.121433154
sub-A00052560,0.525134683,0.107260361,0.86440599,0.473512232,0.562660158,-0.395748794,-0.027813712,-0.676506877,-0.192720547,-0.169813707,0.026994713,0.095406584,0.055288397,0.123259701,0.316253304
sub-A00052577,0.309496373,0.108216271,0.754038513,0.142935306,0.57474333,-0.092409328,-0.155525535,-0.664070487,0.380420268,-0.082411692,NA,NA,NA,NA,NA
sub-A00052639,0.495672584,0.130928218,0.276775032,0.597826779,0.578762114,-0.091717176,0.142034397,-0.427034587,-0.051434051,-0.165394351,0.087129913,0.112602107,0.052650116,0.0741155,0.244395241
sub-A00053369,0.24447003,0.143859267,0.316114783,-0.027944563,0.09337493,-0.045229577,-0.093747735,-0.206123382,0.248809502,0.164203927,NA,NA,NA,NA,NA
sub-A00053455,0.274409235,0.150763556,0.366505474,0.441417813,0.491222322,0.139351502,0.00405613,-0.439241111,0.174328312,0.057816293,0.084895059,0.341946304,0.057405747,0.172813937,0.103111185
sub-A00053456,0.133746043,0.476285815,0.4096407,0.169058904,0.37282601,0.359811813,-0.127715245,-0.062863097,0.38352409,0.336753458,NA,NA,NA,NA,NA
sub-A00053473,0.447561145,0.033285297,0.62030834,0.353951216,0.683553219,-0.219684914,0.09575288,-0.563481152,-0.076192684,-0.340351462,0.127314627,0.395106971,0.022127353,0.105481312,0.119650215
sub-A00053475,0.217747316,-0.026678599,0.670003533,0.111034475,0.346694857,0.151897758,0.281007826,-0.616649628,0.255147249,0.179915011,0.223759204,0.213560507,0.123147242,0.134002805,0.073194288
sub-A00053576,0.415514648,0.367351979,0.777751267,0.060164757,0.43575412,-0.329266995,-0.354917616,-0.632402956,0.095319554,-0.197678089,NA,NA,NA,NA,NA
sub-A00053578,0.315863878,0.131255582,0.416665196,0.13670285,-0.003086244,-0.097656496,-0.023399835,-0.469184577,0.082549483,0.232463509,NA,NA,NA,NA,NA
sub-A00053625,0.574108601,0.428090662,-0.003990386,0.557679474,0.539632142,-0.37731421,-0.171527132,-0.226335242,-0.223218068,-0.288868099,0.262819678,0.290422738,-0.033901315,0.374639422,0.307632089
sub-A00053626,0.482066035,0.189866081,0.58860594,0.348337054,0.70883745,0.032815922,0.091812827,-0.162068486,0.345723659,0.042796843,NA,NA,NA,NA,NA
sub-A00053627,0.168477222,0.237468913,0.331996202,0.030481756,-0.098912172,0.129297644,-0.193440869,-0.226298019,0.310178816,0.440316588,0.358053684,0.075620078,-0.029762136,0.409663886,0.150282204
sub-A00053851,0.641517818,0.026597088,0.535380185,0.285909861,0.41677177,-0.503924847,-0.185718998,-0.32327947,-0.015306391,-0.046407323,0.197527647,0.292061299,0.279806495,0.076232269,0.235767588
sub-A00053874,0.523381412,-0.078301735,0.572197497,0.392179698,0.693501353,0.153710037,0.112852067,-0.268353701,0.412510276,0.180242673,NA,NA,NA,NA,NA
sub-A00053901,0.165248349,0.265610188,0.421168268,0.228588805,0.426327884,0.021021975,-0.288586885,-0.173011631,-0.065563694,0.009483044,0.089135304,0.206883565,0.237874702,0.256020933,0.06507574
sub-A00053902,0.290558338,-0.013977203,0.804507017,0.443754286,0.514699161,-0.148711845,0.044821493,-0.645723879,-0.117982998,-0.193660468,NA,NA,NA,NA,NA
sub-A00053949,0.278614551,-0.080814622,0.677902937,0.471760362,0.726629436,-0.029697172,0.220602632,-0.65638268,0.009468373,-0.283767253,0.077296957,0.043255612,0.234058857,0.272791296,0.328498095
sub-A00054019,0.45986712,0.206216931,0.734433472,0.241323471,0.585020781,-0.267651647,-0.003910104,-0.459515244,0.123124465,-0.152566135,0.19491984,0.173275664,0.218384653,0.175791189,0.270929247
sub-A00054038,0.703318834,0.158653066,0.856693685,0.699490607,0.776747406,-0.570314825,-0.191280231,-0.751111448,-0.384898424,-0.416604966,NA,NA,NA,NA,NA
sub-A00054153,0.592722654,0.252718031,0.675519705,0.500622749,0.660950482,-0.379302979,-0.178441256,-0.549748302,-0.198664993,-0.388387978,0.16841872,0.079649329,0.185882941,0.13096936,0.136742428
sub-A00054358,-0.068267725,-0.070340648,0.5569157,-0.213537365,-0.071383141,0.269091308,0.363846153,-0.580326259,0.468903691,0.41343227,0.106024012,0.419178754,-0.0121929,0.372520119,0.349811018
sub-A00054441,0.558757305,-0.588861167,0.766112626,0.507987678,0.763786912,-0.474778682,0.519493937,-0.676240563,-0.361319244,-0.537598193,NA,NA,NA,NA,NA
sub-A00054482,0.689010918,0.136993647,0.721822321,0.585287213,0.766173005,0.015258879,-0.037543569,-0.37658605,0.240752876,0.064816602,NA,NA,NA,NA,NA
sub-A00054504,0.326877415,0.14464131,0.396806151,0.594605029,0.225957647,0.049025819,0.105101384,-0.481474549,0.122694217,0.312766492,NA,NA,NA,NA,NA
sub-A00054532,0.390120983,-0.161046892,0.356602013,-0.38382411,-0.216877431,-0.307100803,0.244431287,-0.225600287,0.514045477,0.426659346,0.029320262,0.068187393,0.295657933,0.165659785,0.237605736
sub-A00054621,0.294781923,0.301340789,0.186419353,0.250991791,0.562192917,-0.087443896,0.087637924,-0.46050939,0.179084331,-0.095196649,NA,NA,NA,NA,NA
sub-A00054857,0.330919087,0.366072983,0.367727846,-0.125643447,0.020393282,-0.28720814,-0.386871725,-0.231062204,0.176045716,0.236078039,0.102948911,0.124507807,0.038903192,0.120613828,0.113752164
sub-A00054913,0.621060789,0.093228884,0.58414489,0.240617126,0.683249831,-0.290446043,0.051972419,-0.671747923,-0.011746152,-0.309699595,NA,NA,NA,NA,NA
sub-A00055061,0.619615257,0.152842134,0.512413979,0.442293733,0.343597353,-0.261791617,-0.255588025,-0.3788836,-0.064116895,0.055517226,0.196598142,0.113925867,0.082596399,0.161659271,0.118686594
sub-A00055121,0.637459934,0.091474883,0.874003828,0.546432912,0.501289666,-0.521967769,-0.051283311,-0.668292999,-0.247517392,-0.067466103,NA,NA,NA,NA,NA
sub-A00055215,0.490587741,0.13923122,0.307199776,0.378821999,0.404833317,-0.078719325,-0.006594754,-0.441635817,0.189348519,0.12321721,0.019618303,0.114384606,0.277403384,-0.002604595,0.064886071
sub-A00055353,0.364520937,0.196042731,0.186837003,0.323386669,0.363201857,-0.086247891,0.066937782,-0.424749047,-0.023569088,-0.093782455,NA,NA,NA,NA,NA
sub-A00055373,0.559849262,0.172438234,0.479842901,0.569555402,0.611168563,-0.490515441,-0.285730124,-0.367515266,-0.162928343,-0.259992599,0.200971901,0.171588361,0.364022881,0.131459251,0.123511501
sub-A00055446,0.308716029,0.207870603,0.396144956,0.382198125,0.519480824,0.018139282,-0.19135493,-0.464226693,-0.199451253,-0.204664484,NA,NA,NA,NA,NA
sub-A00055447,0.204307497,0.007076795,0.275673717,0.350952953,0.53809613,0.02542196,0.070497453,-0.406538397,0.012407877,-0.110090807,NA,NA,NA,NA,NA
sub-A00055542,0.422822714,-0.188195854,0.185866997,-0.084970787,0.299082369,-0.21704717,0.423419833,-0.308097839,0.542091548,0.2656084,NA,NA,NA,NA,NA
sub-A00055806,0.534610331,-0.001973779,0.244411066,0.356273711,0.060580935,-0.340819359,0.136234492,-0.186487243,0.018659968,0.256335139,NA,NA,NA,NA,NA
sub-A00056097,0.551194251,0.522678375,0.806681573,0.469374597,0.537024021,-0.328201324,-0.359779835,-0.634792149,-0.128116786,-0.185294092,0.12821959,0.210412532,0.341074467,0.226307392,0.320976734
sub-A00056098,0.156266585,0.193991527,0.723202348,0.20716612,0.527598023,0.014105264,-0.195687339,-0.716847777,0.095779836,-0.244114071,NA,NA,NA,NA,NA
sub-A00056164,0.568775475,0.369206727,0.530127704,0.565946341,0.621482968,-0.310043961,-0.259868205,-0.536975384,-0.079698257,-0.226343006,-0.072030082,0.197547644,0.048267782,0.313407898,0.275483727
sub-A00056306,0.133483931,0.613914609,0.738663316,-0.047393315,-0.00121549,-0.12542814,-0.438659132,-0.52543658,0.370545149,0.320904851,NA,NA,NA,NA,NA
sub-A00056372,0.624602318,0.166352838,0.67550832,0.481310546,0.696255922,-0.394364655,-0.134299576,-0.606244922,-0.112584509,-0.307223529,0.284118742,0.139020979,0.421255082,0.187120631,0.363342762
sub-A00056452,0.563887179,0.001158531,0.600064754,-0.120533019,0.508221507,-0.405782878,0.066603899,-0.38629216,0.417982757,-0.112599775,0.114863239,0.117603429,0.289888352,0.124102183,0.28392455
sub-A00056489,0.576090276,0.102898307,0.45497188,0.38263306,0.183813229,-0.481597841,-0.17050451,-0.29510209,-0.167267397,0.115587629,NA,NA,NA,NA,NA
sub-A00056556,0.430539727,0.428865939,0.839126229,0.021185404,0.589274704,-0.245970905,-0.384046972,-0.591014862,0.294109643,-0.195692047,0.207518429,0.34298864,0.481365889,0.182275191,0.402269155
sub-A00056898,0.378570914,0.229336143,0.43433401,0.497831166,0.651058137,-0.071300663,0.039824396,-0.419969022,0.022209948,-0.137226284,NA,NA,NA,NA,NA
sub-A00056949,0.496510267,-0.06224009,0.150182024,0.073191576,0.484083712,-0.346505433,0.085435055,0.028893968,0.307244867,-0.265642852,0.235808507,0.162832096,0.258166552,0.272836089,0.133482307
sub-A00057035,0.231061816,0.181200609,0.441872388,0.273471355,0.406929523,0.208269462,0.133416995,-0.415457577,0.202513978,0.003921476,0.168157846,0.137095913,0.086440451,0.294394881,0.054612484
sub-A00057235,0.593569696,0.109196439,0.819600224,0.554971576,0.817263901,-0.44486028,-0.047722965,-0.749994278,-0.245951742,-0.569735467,NA,NA,NA,NA,NA
sub-A00057444,0.554565251,0.088636905,0.7600407,0.67999512,0.496630639,-0.349132687,-0.077887587,-0.674212873,-0.520079851,-0.317186654,0.195951417,0.043210611,0.487283677,0.203655288,0.212079108
sub-A00057445,0.61051029,0.224505976,0.470633566,0.552844405,0.650148988,-0.127769753,-0.046431404,-0.465105146,-0.002625407,-0.170368344,0.276810855,0.196357399,-0.010685753,0.311938465,0.117576376
sub-A00057786,0.421882659,0.239508316,0.484633774,0.556454659,0.645752192,-0.119160824,-0.044539552,-0.422773182,-0.240232497,-0.264521927,NA,NA,NA,NA,NA
sub-A00057965,-0.01515079,0.238861427,0.60528791,-0.161715209,0.450330973,0.325656056,0.005055247,-0.427722901,0.337956369,-0.092359126,NA,NA,NA,NA,NA
sub-A00058130,0.700842619,0.363518,0.791327417,0.284790039,0.603282869,-0.484958112,-0.111472905,-0.588302016,0.1263365,-0.215963975,NA,NA,NA,NA,NA
sub-A00058214,0.35867247,-0.12804009,0.449924886,0.250320703,0.386466384,0.070225962,0.360042483,-0.537849367,0.316340059,0.058405805,NA,NA,NA,NA,NA
sub-A00058318,0.379703671,0.527563334,0.312599719,0.409149945,0.323831111,-0.04293149,-0.480510712,-0.143248409,-0.034825802,0.185475811,-0.00653183,0.061913889,0.340911627,0.048419602,0.125431046
sub-A00058436,0.173387319,0.5704512,0.515404522,0.050150026,0.436085165,0.055266678,-0.504227698,-0.384826511,0.159276113,-0.011047677,NA,NA,NA,NA,NA
sub-A00058503,0.555137753,0.439143002,0.438109517,0.629733801,0.532110631,-0.280803531,-0.22383076,-0.373112023,-0.270284444,-0.155657247,NA,NA,NA,NA,NA
sub-A00058644,0.30358547,0.446727961,0.49857536,0.435994536,0.37087059,-0.074973918,-0.321332097,-0.351972491,-0.072632506,0.102198966,0.129667923,0.275266677,0.234628364,0.285898745,0.316274911
sub-A00058952,0.401902229,-0.289043188,0.674857736,0.17909883,0.42181316,-0.236753687,0.337932259,-0.520136058,0.426101774,0.176372841,0.178239971,0.092040814,0.270114273,0.274985462,0.282025814
sub-A00058998,0.249246657,-0.009738212,0.416265637,0.210037991,0.304394841,-0.108574122,0.077982582,-0.247009978,0.155781925,0.111425102,NA,NA,NA,NA,NA
sub-A00059361,0.572209358,0.22608088,0.41846922,0.356360942,0.662218451,-0.567199647,0.026965784,-0.596042633,0.387573719,0.132899031,NA,NA,NA,NA,NA
sub-A00059527,0.429580569,0.174604967,0.552408397,0.153867051,0.475309759,-0.221716315,0.023168186,-0.514806151,0.236562833,-0.156358138,0.135491028,0.191369966,0.165008619,0.198505223,0.064558461
sub-A00059662,0.09157677,0.25438416,0.269707292,-0.122418515,0.048627615,-0.016869731,-0.276789993,-0.011628128,0.50796926,0.406769037,0.088833027,0.11815539,0.049359277,0.249057367,0.231827617
sub-A00059663,0.380844444,0.412423581,0.345452964,0.273585021,0.276268393,-0.102045327,-0.21764195,-0.234041482,0.0252923,0.202271,NA,NA,NA,NA,NA
sub-A00059664,0.484122634,0.342726409,0.22078684,0.478698343,0.762844622,-0.072349928,0.028142389,-0.561689198,0.137589857,-0.285878211,NA,NA,NA,NA,NA
sub-A00059756,0.357832849,0.171966791,0.572102666,0.404790908,0.312707454,-0.004317013,-0.023319963,-0.418053657,-0.034165982,0.097270831,NA,NA,NA,NA,NA
sub-A00059845,0.346562237,-0.051100627,0.598407567,0.545819223,0.678128719,-0.155698434,-0.09724573,-0.316104382,-0.12254709,-0.266262561,0.153471902,0.209114417,0.007275111,0.161356598,0.07256595
sub-A00059911,0.655460715,0.156910449,0.773486614,0.468670338,0.448281884,-0.602422893,-0.162445605,-0.712356687,-0.297017694,-0.277814716,0.065203421,0.120070852,0.181985483,0.156196997,0.202146515
sub-A00060006,0.343310565,0.17774345,0.629800618,0.561700583,0.629846513,-0.114463605,0.066499449,-0.462293386,-0.036730185,-0.209870741,0.1166135,0.114190593,0.095510006,0.032372881,0.056885239
sub-A00060184,0.375971884,-0.113391005,0.702588737,0.538135707,0.421476841,-0.151822761,0.063471474,-0.483121783,-0.358994991,-0.009219259,0.287205756,0.146872967,0.379106671,0.245986149,0.331286997
sub-A00060259,0.508365035,0.218804657,0.797192454,0.186232135,0.287788302,-0.325645775,0.100656494,-0.443544,0.264031231,0.202268288,0.070080794,0.19288753,0.337890148,0.23590669,0.196730942
sub-A00060279,0.300394535,0.11550983,0.41033113,0.372339308,0.280048311,-0.057444487,0.144919813,-0.611309409,0.059298288,0.096344844,0.154361725,0.193258494,0.093685031,0.181385711,0.131499216
sub-A00060301,0.295250922,0.328164577,0.218356431,-0.186072186,0.31600672,0.010812857,-0.277259707,0.024517255,0.566110492,0.099498101,0.176409379,0.11636129,0.387094378,0.131440192,0.145436749
sub-A00060302,0.297659695,0.19778049,0.261817515,0.096081153,0.242167652,-0.169345871,0.093386658,-0.298544705,0.405621022,0.269051075,NA,NA,NA,NA,NA
sub-A00060372,0.499578565,-0.037400614,0.535647988,0.343235075,0.57128495,-0.131767347,0.047590446,-0.490718156,-0.002558398,-0.168386251,NA,NA,NA,NA,NA
sub-A00060480,0.361397833,0.170027614,0.360219598,0.417087704,0.500662923,-0.077854566,0.100086793,-0.326143205,0.103049114,0.111769289,NA,NA,NA,NA,NA
sub-A00060516,0.56490624,0.017152889,0.634669423,0.353622913,0.615724385,-0.321090996,0.01455143,-0.49323535,-0.134067997,-0.272764027,0.089740708,-0.024869699,0.179120332,0.066813625,0.256075621
sub-A00060574,0.31731838,0.187973931,0.288549721,0.180775315,0.215717822,-0.343245417,-0.262209564,-0.08652781,0.084385537,0.109718136,NA,NA,NA,NA,NA
sub-A00060575,0.176723316,0.151382312,0.625926495,-0.126710832,-0.034708567,-0.043686446,-0.054776527,-0.534947455,0.2562235,0.277022988,NA,NA,NA,NA,NA
sub-A00060576,0.7399593,-0.073119007,0.680377722,0.613044739,0.706151068,-0.601872504,0.120283663,-0.550591946,-0.218613073,-0.357408166,0.044728793,0.202217922,0.048058413,0.00459678,0.033664085
sub-A00060581,0.401615709,-0.162366524,0.395597845,0.259454191,0.375591666,-0.202837825,-0.029138595,-0.02509708,0.076186679,0.11176642,0.11741519,0.145554885,0.241460934,0.157378361,0.273342699
sub-A00060582,0.154583469,0.468403578,0.610766232,0.27843082,0.476429105,0.059719983,-0.282107264,-0.469247758,0.169798762,-0.005120515,0.102154948,0.105929755,0.379998624,0.108088881,0.252502412
sub-A00060602,0.038432341,-0.33727324,0.750687838,0.052387085,0.304767758,0.055890057,0.275895447,-0.453272164,0.238260418,0.116327763,0.049489111,0.06502787,0.670924425,0.062366102,0.383662283
sub-A00060629,0.533450663,-0.41904819,0.740563333,0.232544735,0.455544412,-0.449179947,0.456653953,-0.543828547,-0.082168341,-0.177820519,0.145871073,0.041797359,0.364769638,0.188719958,0.080105178
sub-A00060630,0.404022455,-0.179845944,0.405692756,0.156963199,0.246452168,-0.266581357,0.311283499,-0.211380392,0.183328047,0.215397894,NA,NA,NA,NA,NA
sub-A00060773,0.433499753,0.085152663,0.422850281,0.332826167,0.416460961,-0.23158218,0.257990122,-0.580676317,0.052089259,0.015981186,0.138113633,0.20599924,0.175222278,0.355809987,0.317674279
sub-A00061001,0.67387718,0.007550083,0.800341249,0.500607014,0.774352312,-0.391809285,0.123207577,-0.569528222,-0.044590548,-0.293190956,NA,NA,NA,NA,NA
sub-A00061021,0.410058409,0.712933421,0.769765377,0.466251522,0.699883699,-0.267657697,-0.708910108,-0.478907675,-0.109506294,-0.264952749,0.145526558,0.271522492,0.43813026,0.137912199,0.2836456
sub-A00061203,0.080490403,0.069855243,0.465277374,-0.403207213,-0.047098424,0.114380568,0.018203139,-0.248303756,0.608839989,0.299961507,NA,NA,NA,NA,NA
sub-A00061204,0.381269276,-0.420588434,0.744991243,-0.243206531,0.132758006,-0.26567024,0.209826797,-0.695816696,0.397361219,0.100561813,0.248631135,0.126626968,0.083831564,0.130424723,0.324908823
sub-A00061263,0.412176162,-0.130496651,0.711893857,0.108389549,-0.171056777,-0.148143888,-9.48E-05,-0.615008414,0.098396316,0.326468855,0.163816974,0.130721986,0.246633962,0.289484024,0.275228083
sub-A00061274,0.362086177,0.125283495,0.75165695,0.021094693,0.311347723,-0.082367405,0.15334703,-0.6623106,0.260256797,-0.007987726,NA,NA,NA,NA,NA
sub-A00061275,0.031348955,0.347495496,0.807267964,-0.394152641,0.604189038,0.081468813,-0.238988772,-0.640653074,0.566849172,-0.261681736,NA,NA,NA,NA,NA
sub-A00061276,0.59660691,0.004073846,0.659089744,0.370114982,0.699474275,-0.473164052,-0.143691063,-0.620580971,-0.178719491,-0.353490978,NA,NA,NA,NA,NA
sub-A00061281,0.406216264,0.205220893,0.839683712,0.172979876,0.707008898,-0.438889831,-0.255696982,-0.698709369,-0.046212781,-0.535309076,NA,NA,NA,NA,NA
sub-A00061597,0.275112838,-0.01733374,0.515159965,0.241516352,0.172097519,0.176031172,0.265523732,-0.391158909,0.382776707,0.40895474,-0.079312742,0.068000831,0.152000636,-0.032215588,-0.085734732
sub-A00061600,0.320469171,-0.054137435,0.819402635,-0.246643975,0.358799309,-0.134508476,0.187878102,-0.66754657,0.494462371,0.035721257,0.179340661,0.147678763,0.230459988,0.275508016,0.34575212
sub-A00061666,0.373076051,0.559729218,0.556749463,0.31256929,0.479742676,-0.160321787,-0.401207328,-0.629266143,-0.050796457,-0.235048845,NA,NA,NA,NA,NA
sub-A00061711,0.665002525,0.08216919,0.919439018,0.5898121,0.817991138,-0.381756723,-0.139779091,-0.671964645,-0.42389226,-0.535289764,0.368995637,0.227475554,0.340064466,0.136800334,0.305857539
sub-A00061725,0.390127271,0.132313624,0.398956388,0.5059793,0.634921849,-0.056462273,0.081632577,-0.281592578,-0.065756701,-0.245263159,NA,NA,NA,NA,NA
sub-A00061727,0.42137754,-0.082645409,0.647498608,0.289730251,0.519561529,-0.33151421,-0.029950105,-0.515765488,-0.150700778,-0.253625602,0.109760277,0.143068552,0.296377778,0.173438475,0.191364884
sub-A00061728,0.480145484,-0.147899255,0.603885353,0.397511452,0.599640012,-0.206736118,0.186053693,-0.451278269,-0.054754525,-0.22946614,0.238150507,0.056178804,0.196402669,0.195262119,0.175361082
sub-A00061767,0.211150438,-0.044566147,0.185610577,0.629146039,0.543496013,0.059076272,0.250857919,-0.35835579,-0.027765581,0.023826057,-0.035120759,0.058903627,0.247797161,0.126548439,0.219905123
sub-A00061787,0.282485306,0.35256359,0.350890577,0.379907072,0.553764045,-0.148966447,-0.198043868,-0.289832592,-0.016142467,-0.242080033,NA,NA,NA,NA,NA
sub-A00061790,-0.149546355,-0.060803737,0.68429625,-0.275218487,0.33780846,0.196280926,0.003733746,-0.475735784,0.510280669,0.061409693,0.092057146,0.056568105,0.135133594,0.192641094,0.204627648
sub-A00061881,0.487986177,0.312619895,0.72996825,0.107190087,0.114091955,-0.316951543,-0.336981535,-0.581187487,0.018461742,0.117257953,0.233571962,0.113092296,0.39920184,0.011975379,0.112935998
sub-A00061882,-0.10890764,-0.080100939,0.637060583,-0.279505432,0.225496784,0.207629845,0.285899937,-0.486269832,0.507459939,0.173892289,NA,NA,NA,NA,NA
sub-A00061962,-0.110227175,0.093933992,0.446126342,0.095733725,0.315095931,0.232547835,0.048102815,-0.36473915,0.266984224,0.082654268,0.115282737,0.11768914,0.388890058,0.078361988,0.311344832
sub-A00062210,0.367498636,0.619876325,0.905711353,0.289438158,0.283666432,-0.018511342,-0.480075538,-0.665023148,0.094617866,0.197398394,NA,NA,NA,NA,NA
sub-A00062255,0.496683627,0.319470882,0.757559896,0.665342033,0.710108221,-0.442510545,-0.315093935,-0.613152623,-0.41637522,-0.367222667,0.186251014,0.254352778,0.082172215,0.220587,0.161160856
sub-A00062268,0.408134043,0.001782897,0.396287769,0.470738322,0.435059041,-0.156536222,0.121652558,-0.494566321,-0.071356609,-0.028154587,NA,NA,NA,NA,NA
sub-A00062282,0.461386621,0.075068265,0.648665071,0.036842797,0.214517787,-0.318222314,-0.081449471,-0.565714061,0.192346156,0.029263547,0.062172163,0.059449628,0.43653661,0.099816702,0.051702905
sub-A00062285,0.529460728,0.062865727,0.537422955,0.537813485,0.527012169,-0.123219751,0.151736066,-0.42467311,-0.01325388,0.158503696,NA,NA,NA,NA,NA
sub-A00062288,0.489050686,0.006955425,0.695692241,0.31451565,0.344266713,-0.46687147,-0.127080515,-0.637460947,-0.209262788,-0.162744671,0.022682583,0.230698317,0.17304872,0.113070562,0.065467909
sub-A00062351,0.098809637,0.035146885,0.629534125,0.396277279,0.436830878,0.011768618,0.055942066,-0.622019172,-0.118928105,-0.153338894,0.341534913,0.103803709,0.060380809,0.208101287,0.00577671
sub-A00062368,0.496652216,-0.112041794,0.702951312,0.470629573,0.646907449,-0.199655578,0.247918025,-0.547905564,-0.065091878,-0.384069413,0.131570309,0.075398318,0.06625057,0.080109879,0.106739983
sub-A00062416,0.131784394,0.513279736,0.705893219,0.063532449,0.265103787,-0.257696658,-0.426851064,-0.548335195,0.165890157,0.084514722,NA,NA,NA,NA,NA
sub-A00062917,0.771163702,0.268003732,0.599721372,0.736160636,0.758295119,-0.424359173,-0.082336433,-0.594027698,-0.468328059,-0.465407521,0.055649497,0.098558813,0.056671128,0.025807803,-0.009190152
sub-A00062926,0.317708075,0.359194219,0.597061574,0.36650148,0.568048954,-0.199650705,-0.371321797,-0.419120878,-0.343905538,-0.340951264,0.190478578,0.316141546,0.313449681,0.132166013,0.328795224
sub-A00062928,0.382458925,0.068615429,0.474155784,0.415252358,0.417528063,-0.12541756,0.110428445,-0.334765911,0.076117471,-0.065278463,NA,NA,NA,NA,NA
sub-A00062929,0.172268406,0.485129178,0.22180824,0.400413424,0.538043261,0.120990656,-0.003124927,-0.198812738,0.359267384,0.342423469,NA,NA,NA,NA,NA
sub-A00062934,0.339026421,0.255345911,0.750488997,0.020140581,0.14076367,-0.274638802,-0.153096735,-0.655434847,0.249345437,0.175154924,NA,NA,NA,NA,NA
sub-A00062937,0.697749138,-0.004769116,0.595036745,0.646148205,0.727555096,-0.482548475,-0.010952613,-0.473220319,-0.287456363,-0.338339865,NA,NA,NA,NA,NA
sub-A00062942,0.156572267,0.288399547,0.214480624,0.4575423,0.520875573,-0.220242679,-0.088757522,-0.371576548,0.036717985,0.084027119,0.085727476,0.117290922,0.119834676,0.169331387,0.035949588
sub-A00062982,0.402343392,0.324926525,0.738895774,0.516056597,0.596717477,-0.297475189,-0.193266049,-0.489345044,-0.02667686,-0.035733629,0.050648101,0.281854808,0.075242214,0.307552367,0.27409184
sub-A00063031,0.206768751,-0.105968088,0.140423983,0.274998367,0.560170472,0.019271823,0.215345204,0.004350218,-0.047457002,-0.331728846,0.125408903,0.053355627,0.327423394,0.118902251,0.095930509
sub-A00063103,0.246404156,0.115496002,0.325821549,0.003231556,0.331231892,-0.358238339,-0.181986108,-0.165705934,0.131817847,0.001426458,0.18008858,0.12110991,0.296683758,0.083989263,0.209969491
sub-A00063424,0.0674714,0.117568843,0.376391917,0.178167269,0.502046764,0.16681011,0.219442859,-0.23677671,0.268910617,0.05989524,0.166877553,0.208547339,0.199656934,0.228471726,0.292642653
sub-A00063450,0.43462643,0.099137858,0.671578407,0.563715041,0.654394567,-0.227390781,-0.053700451,-0.401731998,-0.271114141,-0.224366173,0.091203086,0.022581756,0.205646619,0.166255012,0.123202197
sub-A00063458,0.274073005,-0.168391302,0.642074645,0.333892345,0.604804039,0.032180473,0.005995115,-0.079723597,0.051722035,0.424912304,-0.010410742,0.129833981,0.343087018,0.022845667,0.238258436
sub-A00063470,0.230926648,0.151605487,0.480763048,0.297889978,0.419320405,-0.106791407,0.034532804,-0.499242276,-0.024676846,0.140203327,NA,NA,NA,NA,NA
sub-A00063479,-0.098806024,0.161573038,0.218310803,-0.091628321,0.248901069,0.252702534,0.091069527,-0.083576374,0.309989303,0.038590331,NA,NA,NA,NA,NA
sub-A00063481,0.69789058,0.076709688,0.796768188,0.251641005,0.784766555,-0.627589941,-0.124032319,-0.719166934,-0.105485111,-0.589466989,NA,NA,NA,NA,NA
sub-A00063589,0.440162361,0.214765936,0.447526127,0.256508797,0.305782914,-0.102761753,-0.245059788,-0.309494287,0.199938282,0.151505515,NA,NA,NA,NA,NA
sub-A00064053,0.325116009,0.399020016,0.33995223,0.040633082,0.491447955,-0.101333678,-0.392103165,0.040934373,0.288310081,-0.005842243,NA,NA,NA,NA,NA
sub-A00064061,0.234642476,-0.008088459,0.404487997,0.367114097,0.303157389,0.155663505,0.046242546,-0.425234884,-0.144619137,0.06741038,NA,NA,NA,NA,NA
sub-A00064081,0.408651531,0.115037084,0.55262661,0.401118279,0.616160393,-0.161264092,-0.056647815,-0.241270736,0.048696376,-0.147570521,NA,NA,NA,NA,NA
sub-A00064323,0.646042645,-0.126681045,0.613729358,0.347314268,0.489396363,-0.027934736,-0.335108697,-0.187415034,0.290351242,-0.387793452,NA,NA,NA,NA,NA
sub-A00064328,0.632515907,0.028771251,0.821071684,0.234804973,0.682551563,-0.595885515,-0.001879248,-0.679140747,0.051059131,-0.34620744,NA,NA,NA,NA,NA
sub-A00064580,0.553010523,-0.515982628,0.802116752,0.657776475,0.777190149,-0.631727099,0.059703965,-0.355204791,-0.067534477,-0.436154068,NA,NA,NA,NA,NA
sub-A00065379,0.664293885,-0.341416806,0.783919811,0.63051343,0.760047078,-0.545419037,0.078046329,-0.574830472,-0.25834471,-0.489703566,NA,NA,NA,NA,NA
sub-A00065478,0.286460429,0.441517383,-0.022839978,0.609874368,0.454029292,0.01696413,-0.245693401,-0.075247861,-0.22798501,0.035389137,NA,NA,NA,NA,NA
sub-A00065480,0.248667032,0.489775538,0.675356388,-0.108351305,0.285405755,-0.199786752,-0.491567463,-0.56951052,0.312803984,-0.091505408,NA,NA,NA,NA,NA
sub-A00065487,0.418524235,0.062174167,0.093526125,0.417141527,0.437325835,0.220460847,0.265805364,-0.401999027,0.221256047,0.192093164,0.347713917,0.436169535,0.248160407,0.345910758,0.309269518
sub-A00065565,0.316086322,-0.158986405,0.664258718,-0.090583004,0.242966518,-0.045838457,0.40536952,-0.570805132,0.539577603,0.257290155,NA,NA,NA,NA,NA
sub-A00065572,0.376451164,0.359551758,0.857537806,0.562651992,0.535118461,-0.328167051,-0.203612238,-0.663899958,-0.227697,-0.112389937,NA,NA,NA,NA,NA
sub-A00065717,0.321933329,0.154862955,0.063832104,0.298679203,0.242152601,0.083672196,-0.046052732,0.081595808,0.104325712,0.220208764,0.089439988,0.130609602,0.182924375,0.126130417,0.22409533
sub-A00065722,0.206911936,0.177866384,0.636714697,0.334855258,0.470461637,-0.015424008,0.053824387,-0.672080994,-0.008358765,-0.086278133,0.094248146,0.184348837,0.255990952,0.208683014,0.17692627
sub-A00065743,0.465567201,-0.014080576,0.60017091,0.0112141,0.668205321,-0.11154063,0.066969067,-0.443010807,0.283311218,-0.256176025,0.431342155,0.02369386,0.266292274,0.093601197,0.450132906
sub-A00065749,0.225176409,-0.060643714,0.384464681,0.375127137,0.508066237,0.147507891,0.219002083,-0.40129295,-0.00295376,-0.096222438,NA,NA,NA,NA,NA
sub-A00065790,0.369382352,-0.092400461,0.686798573,0.022407178,0.344062626,-0.196647659,0.039660938,-0.650984824,0.167073771,-0.083971083,NA,NA,NA,NA,NA
sub-A00065865,0.640566945,-0.219321847,0.892943442,0.58158499,0.773271501,-0.542676747,0.212475374,-0.829146445,-0.406823993,-0.557429552,NA,NA,NA,NA,NA
sub-A00065873,0.436762899,0.32265538,0.368272483,0.421082854,0.650236726,-0.031552896,0.129588068,-0.653374374,0.158987939,-0.213764891,NA,NA,NA,NA,NA
sub-A00065935,0.325638771,0.181974322,0.780264318,0.518535316,0.597312927,0.082955837,-0.058230665,-0.534971952,-0.075534664,-0.116345719,0.254704654,0.214788318,0.251450866,0.121551976,0.265249401
sub-A00065974,0.252463758,-0.004246313,0.763788939,0.10088294,0.252352178,0.056743242,0.085540339,-0.607622027,0.216090888,0.035261437,0.265644372,0.258150309,0.095561147,0.240220845,0.0996226
sub-A00065995,0.274195045,0.724586725,0.789114058,0.304846853,0.480539531,-0.155570209,-0.682082713,-0.676475525,0.050492171,0.033059243,0.286066234,0.365551323,0.315138221,0.171572194,0.242485002
sub-A00066013,0.227907404,0.404703647,0.200916722,0.379115313,0.539049864,0.09403953,-0.113854632,-0.383133739,-0.025520515,-0.082790926,NA,NA,NA,NA,NA
sub-A00066087,0.54509449,-0.113342643,0.631902874,0.643249333,0.667772412,-0.325018257,0.048677959,-0.568210125,-0.313833714,-0.32514599,NA,NA,NA,NA,NA
sub-A00066091,0.191391528,0.14847362,0.665501416,0.151232243,0.233507395,-0.17928578,-0.057146359,-0.606006503,0.1144723,0.054860927,0.140017226,0.078761205,0.51909399,0.142344862,0.21263136
sub-A00066130,0.500982106,0.24539867,0.592475951,0.535930634,0.521189749,-0.164967701,-0.006186158,-0.619546413,0.029355306,0.039042469,NA,NA,NA,NA,NA
sub-A00066132,0.277897894,0.480374604,0.726793408,-0.057843126,0.483382612,-0.16787675,-0.368249506,-0.609175563,0.393669605,-0.03421383,0.150076628,0.130878881,0.115259469,0.32729885,0.430865556
sub-A00066153,0.578240275,0.108911447,0.878476262,0.665547252,0.835303664,-0.64107132,-0.30041185,-0.596653879,-0.501615286,-0.513995647,NA,NA,NA,NA,NA
sub-A00066154,0.505969703,0.310504138,0.13570717,0.587613404,0.517284453,-0.115473419,0.244176134,-0.3035523,0.174803913,0.123331875,NA,NA,NA,NA,NA
sub-A00066162,0.079814687,0.021372827,0.673742652,0.610977232,0.633494079,0.021005658,-0.11167229,-0.566332698,-0.37772876,-0.427014351,NA,NA,NA,NA,NA
sub-A00066232,0.398945063,0.325602412,0.373697579,0.034458116,0.305570304,-0.296997607,-0.320970923,-0.070854783,0.348074496,0.06708926,0.215163082,0.343409628,0.239824787,0.186489791,0.321123123
sub-A00066236,0.707865298,-0.042933185,0.70687592,0.499498993,0.735755384,-0.354845285,0.248818979,-0.698296368,-0.120847009,-0.429013491,NA,NA,NA,NA,NA
sub-A00066245,0.491672218,0.50531745,0.620993972,0.479040116,0.552071154,-0.084324785,-0.493216097,-0.370982796,-0.172152653,-0.160250857,NA,NA,NA,NA,NA
sub-A00066246,0.214350522,0.538730204,0.822436452,0.389958978,0.605911016,-0.13055937,-0.453673899,-0.732320487,0.012704104,-0.21680665,NA,NA,NA,NA,NA
sub-A00066282,0.38053748,-0.180839941,0.413250566,0.251775354,0.569119692,-0.068042837,0.327189058,-0.460425407,0.143175989,-0.152932882,NA,NA,NA,NA,NA
sub-A00066319,0.592962563,0.13205196,0.434282482,0.453551918,0.527196467,-0.12393076,-0.003445182,-0.451458365,0.074343562,-0.009007331,NA,NA,NA,NA,NA
sub-A00066460,0.123914249,0.010513009,0.53148973,0.340927362,0.640773892,0.210893691,-0.071975887,-0.372554541,0.213535115,-0.066896088,NA,NA,NA,NA,NA
sub-A00066539,0.226447523,0.471863389,0.080175854,0.506086171,0.663378477,0.337146252,-0.063572004,-0.46524322,0.21812658,-0.020343659,NA,NA,NA,NA,NA
sub-A00066735,0.230873272,0.112363718,0.490433306,0.253401339,0.530333519,0.220181346,0.240250394,-0.597114325,0.250528336,-0.010929599,0.063900143,0.022066358,0.126696005,0.07626985,0.05950572
sub-A00066781,0.407550782,-0.014398405,0.29806295,0.672350585,0.574238658,0.167717025,0.213556364,-0.581595778,-0.098254398,-0.007015178,-0.069235131,0.10713312,0.311964363,-0.161264598,-0.015730476
sub-A00066788,0.378118902,0.322750926,0.373217523,-0.200419724,0.257267445,-0.295330882,-0.240754828,-0.28699246,0.364409804,-0.031972501,NA,NA,NA,NA,NA
sub-A00066800,0.034230076,0.059149724,0.245856255,-0.046563428,0.317458034,0.430682659,0.184742078,-0.165199995,0.550753593,0.248242229,NA,NA,NA,NA,NA
sub-A00066812,0.696654677,-0.362063706,0.628020465,0.492529035,0.279323459,-0.571777463,0.353081048,-0.491692603,-0.254430473,0.02531792,0.210323423,0.33169201,0.281019568,0.228113458,0.149984509
sub-A00066827,0.602441907,0.331172973,0.679325819,0.234693438,0.338010103,-0.503930926,-0.264028877,-0.56220305,0.143501639,0.026224971,0.167413831,0.213273659,0.289185315,0.099396579,0.095981926
sub-A00066864,0.398879468,0.227314442,0.377425075,0.019094178,0.246444017,0.073095664,-0.043331154,0.043134876,0.342434168,0.391903102,0.326824158,0.18720381,0.238525867,0.303937495,0.335103184
sub-A00066865,0.560646951,0.286073357,0.372453213,0.524165273,0.582241595,-0.258602947,0.131396025,-0.511772871,0.010468568,-0.04751043,NA,NA,NA,NA,NA
sub-A00066871,0.58670634,-3.10E-05,0.771914542,0.316205144,0.505695999,-0.529659986,0.03635681,-0.686127603,-0.026716618,-0.202142879,NA,NA,NA,NA,NA
sub-A00066926,0.326978326,0.238465428,0.49589178,0.459861308,0.514397025,-0.352671951,-0.288349181,-0.169660673,-0.314197481,-0.132523417,0.047220413,0.1101778,0.136855498,0.05457253,0.090403073
sub-A00067174,-0.162885621,0.254425645,0.703103364,0.44547382,0.073268004,0.361082435,-0.011921882,-0.667732,0.055472594,0.279661447,NA,NA,NA,NA,NA
sub-A00072203,0.383638233,0.244243085,0.74548912,0.098222166,0.161675811,-0.281525493,-0.153682619,-0.724820018,0.109479487,0.014951347,0.278590322,0.155936301,0.30188027,0.231293589,0.191219702
sub-A00073230,0.212677911,0.557359993,0.394192815,0.101197101,0.185092583,0.160050318,-0.198206678,-0.171243131,0.230610996,0.406585008,NA,NA,NA,NA,NA
sub-A00073283,0.425090045,-0.113153502,0.591153681,0.322329938,0.446043134,-0.446941704,0.129625008,-0.486330837,-0.10597048,-0.181017354,NA,NA,NA,NA,NA
sub-A00073308,0.258113474,0.23977749,0.626507282,0.331764072,0.747895598,-0.228279233,-0.260693341,-0.616255999,-0.245167896,-0.311296403,NA,NA,NA,NA,NA
sub-A00073525,0.33464697,-0.140299648,0.701862097,0.292467654,0.699708641,-0.209360391,-0.007570298,-0.540655553,0.117269814,-0.388154715,0.225537866,0.091131464,0.364569277,0.432125241,0.465814114
sub-A00073529,0.378648609,0.018520845,0.594641566,0.388571024,0.605893314,-0.278406262,0.104757771,-0.670103073,0.011325346,-0.297121763,0.109175123,0.194385976,0.127421632,0.244184852,0.029248048
sub-A00073600,0.495005339,-0.01007904,0.668007314,0.284912795,0.332372904,-0.187467292,0.001513045,-0.395985067,-0.029578075,0.099009626,NA,NA,NA,NA,NA
sub-A00073611,0.274986148,0.373974234,0.501309335,0.472441435,0.700269341,0.038713694,-0.209727228,-0.58695364,-0.006318073,-0.299107552,NA,NA,NA,NA,NA
sub-A00073677,0.56843996,0.099630341,0.756652057,0.279087275,0.688183248,-0.5392735,-0.451189339,-0.340658367,0.106312007,-0.269378334,NA,NA,NA,NA,NA
sub-A00073705,0.300634742,0.056140017,0.690511942,-0.061182827,0.146062821,-0.260840535,0.06437733,-0.796842217,0.240445539,0.113696955,NA,NA,NA,NA,NA
sub-A00073953,0.013287924,0.202939019,0.406723589,-0.032215826,0.135960057,0.467748463,-0.001109527,-0.140531451,0.500968814,0.446285456,NA,NA,NA,NA,NA
sub-A00074000,0.367863148,0.159302458,0.42395702,0.491226554,0.126674086,0.02079053,0.051254641,-0.426389128,-0.171151891,0.31833908,NA,NA,NA,NA,NA
sub-A00074114,0.676028371,-0.097201921,0.325030059,0.370306939,0.559186161,-0.395463943,0.239700556,-0.232621536,-0.011685622,-0.250662386,NA,NA,NA,NA,NA
sub-A00074425,0.169659957,0.010319,0.499267995,0.44177258,0.549409747,0.050259743,0.056441102,-0.437895447,0.052346934,-0.042497925,0.127319187,0.235295653,0.216609418,0.177225813,0.205112889
sub-A00074439,0.361534387,0.143555894,0.462919563,0.318227559,0.438778579,-0.064354494,0.059912156,-0.573745549,0.152312413,0.039451607,0.085486211,-0.008551419,0.181988433,0.080315076,0.129642799
sub-A00074609,0.615875781,-0.106978744,0.682782233,0.215307131,0.533280373,-0.474294364,-0.011445051,-0.599708676,0.011798612,-0.141616091,0.047590394,0.077319391,0.344039768,0.044301983,0.162226856
sub-A00074639,0.324545234,0.323496252,0.488092691,0.572106123,0.371113718,-0.243029341,-0.290297061,-0.29515636,-0.374670714,-0.055664398,NA,NA,NA,NA,NA
sub-A00074641,0.597625136,-0.079039305,0.543739796,0.122498766,0.548733771,-0.485419869,0.2926265,-0.318804592,0.423257321,-0.063591465,0.443265796,0.122018613,0.129370883,0.296831667,0.361765921
sub-A00074657,0.077601001,0.034370795,0.303482264,-0.081412032,-0.181694984,0.157558024,0.053656492,-0.354573101,0.331940532,0.399086118,NA,NA,NA,NA,NA
sub-A00074709,0.256164253,0.087135874,0.612306535,-0.082468368,0.626600742,-0.073164918,0.035072077,-0.440247089,0.330643207,-0.280061424,0.25638029,0.142457366,0.176463917,0.18385841,0.262869895
sub-A00074768,0.021838063,0.060578447,0.650526166,-0.200224862,0.365772665,0.200522885,-0.021751534,-0.451801211,0.547772586,0.041681658,0.164179042,0.050644465,0.206215426,0.128118142,0.141184404
sub-A00074769,0.22610867,0.167775005,0.763667405,0.420910001,0.268434882,0.076250263,-0.161822557,-0.590488553,0.008172916,0.220599234,NA,NA,NA,NA,NA
sub-A00074780,0.443227828,-0.075607322,0.461623013,0.495094955,0.519756734,0.002912566,0.266408563,-0.47356528,-0.055620603,-0.04979391,0.123819396,0.051941413,0.226851568,0.236046821,0.149793908
sub-A00074784,0.204950258,0.496328473,0.267874449,0.087867901,-0.051878702,0.184499905,-0.347986192,0.073664762,0.319485068,0.472888559,0.106519915,0.254039735,0.210973769,0.253341317,0.212935925
sub-A00074787,0.331568599,-0.051816713,0.348377258,0.310092807,0.377456069,-0.067338951,-0.024279526,-0.302446008,-0.010658163,-0.104470327,NA,NA,NA,NA,NA
sub-A00074793,0.524585664,0.337099135,0.488368511,0.392816842,0.509207189,-0.050305296,0.019501865,-0.378560096,0.232079849,0.143145859,0.176468015,0.152993068,0.109558605,0.196327075,0.147798017
sub-A00074794,0.859794855,0.591759443,0.266100228,0.816471756,0.907997906,-0.507036269,-0.356470436,-0.435271412,-0.468498826,-0.521345437,0.185069174,0.421367407,-0.030888902,0.28274554,0.289927304
sub-A00074795,0.241381451,8.09E-04,0.319247782,0.305294007,0.468817979,0.159346774,0.276865631,-0.395867974,0.325117141,-0.028593063,0.133551687,0.14510113,3.52E-05,0.179292887,0.179900333
sub-A00074800,0.641917884,0.123860963,0.317539752,0.450682312,0.386169881,-0.215325087,-0.080777936,-0.038488444,0.066853926,0.2595025,NA,NA,NA,NA,NA
sub-A00074808,0.216236815,0.360087097,0.227336928,0.086269394,0.349983215,-0.004300515,-0.223451048,-0.106579706,0.231171206,-0.043008428,0.228461117,0.163427651,0.077965952,0.247402027,0.098089583
sub-A00074836,0.247689024,0.265635401,0.670753717,0.479929805,0.634025216,-0.03325456,0.088404924,-0.665320039,-0.129598975,-0.240301013,NA,NA,NA,NA,NA
sub-A00074942,0.244210452,0.165880844,0.41147849,0.239303768,0.344042689,0.232576087,0.242778838,-0.615412951,0.394065887,0.28901431,0.131632417,0.188973427,0.184324265,0.150127858,0.11403089
sub-A00074956,0.237856537,0.022283921,0.504665434,0.768469751,0.497135431,0.069615036,-0.007043167,-0.463620156,-0.54931581,-0.183776304,0.18587774,0.180648297,0.270924091,0.220137641,0.121408336
sub-A00074959,0.351881027,-0.225535721,0.766131222,0.312890083,0.559743881,-0.242186844,0.310016513,-0.812556922,-0.02904496,-0.292770833,NA,NA,NA,NA,NA
sub-A00074962,0.303324223,0.389234155,0.495329976,0.563524127,0.596153557,-0.15937914,-0.116864555,-0.489617765,-0.193286479,0.004941451,NA,NA,NA,NA,NA
sub-A00074969,0.166049451,-0.43479535,0.430418968,0.37224251,0.11560116,-0.105625488,0.522629797,-0.170861334,-0.004900708,0.260498464,0.072122529,0.218460411,0.525357366,0.431336939,0.370424032
sub-A00074977,0.423528939,-0.073625565,0.568026423,0.270873249,0.16776146,-0.300633162,0.178887427,-0.548319995,-0.065678,0.025752306,NA,NA,NA,NA,NA
sub-A00074985,0.661485791,0.215758905,0.822459698,0.494253308,0.221827984,-0.549250841,-0.197023913,-0.601508498,-0.031013709,0.158970565,0.241809607,0.136240065,0.354366988,0.31232667,0.354304969
sub-A00075156,0.483139336,-0.013168522,0.519686699,0.398908049,0.465715945,-0.305378824,0.034117583,-0.579798937,-0.019798204,-0.144478887,0.098436356,0.127900526,0.20118095,0.071121879,0.133220449
sub-A00075193,0.516204655,0.426312327,0.41137594,-0.036428679,0.306605071,-0.190520674,-0.403590709,-0.035865016,0.511617243,0.189609945,NA,NA,NA,NA,NA
sub-A00075220,0.57695049,0.026946185,0.52267611,0.415228367,0.65922761,-0.267168283,0.244429678,-0.625230372,0.103605799,-0.21233362,NA,NA,NA,NA,NA
sub-A00075267,0.469925821,-0.015177963,0.41074425,0.217431992,0.185551956,-0.366342902,0.016215453,-0.280219108,0.062546231,0.102121778,0.043692648,0.183024675,0.178396672,0.064983763,0.165765971
sub-A00075269,0.629906714,0.092816435,0.50868839,0.517638326,0.669925511,-0.473408192,-0.066628985,-0.405473828,-0.188501507,-0.465860873,-0.032914508,-0.023368042,0.343538374,0.173998773,0.278255254
sub-A00075407,0.172425702,0.293018401,0.270994902,0.198554352,0.411654085,0.149141505,0.009420313,-0.130129099,0.292199999,0.296809852,NA,NA,NA,NA,NA
sub-A00075432,0.062913388,0.419654459,0.497000039,0.695048332,0.721469164,0.310157299,0.063337088,-0.660651207,0.02059163,-0.20452109,0.203263342,0.447375059,0.049490727,0.363471806,0.293298036
sub-A00075651,0.491021961,0.148234472,0.546991527,0.338286221,0.680458844,-0.283955276,-0.066845506,-0.574917972,0.041875374,-0.331935257,NA,NA,NA,NA,NA
sub-A00075653,0.436213076,0.157289311,0.202007458,0.528766274,0.449224263,-0.258009195,-0.093164913,-0.150406867,-0.218155801,-0.046726108,NA,NA,NA,NA,NA
sub-A00075678,0.365260065,0.325590938,0.54722321,0.298522443,0.470969141,0.159339413,-0.074706718,-0.429541141,0.318455875,0.17281042,0.063375726,0.170876622,0.157093629,0.167949677,0.257016063
sub-A00075735,0.435440272,0.027489634,0.656004906,0.296734482,0.229620412,-0.281579703,0.028290279,-0.581562281,-0.083758473,-0.091714025,0.322340071,0.118898541,0.415173978,0.354381293,0.247970879
sub-A00075741,0.653989315,-0.090004213,0.510944903,0.474489003,0.707336068,-0.439755857,0.184622556,-0.584996164,-0.212783799,-0.493637592,NA,NA,NA,NA,NA
sub-A00075964,0.46217823,-0.323309481,0.366895288,0.219920829,0.112157352,-0.362590462,0.1775399,0.004333277,0.185874641,0.385820746,0.064481989,0.105777226,0.3295753,0.083375871,0.24708803
sub-A00076380,0.438877851,0.162210718,0.397618115,0.515830934,0.517955482,-0.004280941,-0.094650097,-0.494488806,-0.025974372,-0.108719386,0.093376808,0.088187136,0.078515962,0.241209909,0.27890712
sub-A00076586,0.408841789,0.255819768,0.584983051,-0.112055615,0.207356215,-0.215631887,-0.281654894,-0.360733211,0.331242949,0.198882326,0.236645564,0.076285884,0.355868936,0.212661132,0.207557306
sub-A00076764,0.520387888,0.486042947,0.072016783,0.47936511,0.531055152,0.030390529,-0.059989877,-0.188497975,-0.121445939,-0.026710194,0.121042527,0.107775874,0.046015088,0.153894275,0.065864749
sub-A00076798,0.312074721,0.360682249,0.235169604,0.495062083,0.526499093,-0.02051965,0.04698173,-0.533123791,-0.077395506,-0.230216548,0.152770042,0.1374944,0.04188602,0.156226367,0.091686167
sub-A00077134,0.295896947,0.264862567,0.753602564,0.356826007,0.771368921,-0.106774755,-0.035646666,-0.791312993,-0.006114765,-0.562823176,NA,NA,NA,NA,NA
sub-A00077182,0.580410898,0.18550384,0.596967161,0.690442085,0.751643002,-0.236474186,0.112293944,-0.576127946,-0.156017467,-0.327354312,0.129414573,0.06959939,0.071361303,0.110556334,0.129231647
sub-A00077183,0.346328944,-0.211201265,0.483640969,-0.12345355,0.095652632,-0.201189712,0.252919108,-0.156310901,0.505262911,0.279295534,0.062420245,0.098018713,0.211799473,0.261738151,0.245278105
sub-A00077556,0.38178134,0.197257906,0.270000815,0.532877028,0.567060709,0.026148368,0.014627082,-0.518759608,-0.192612812,-0.152451381,NA,NA,NA,NA,NA
sub-A00077622,0.310988039,0.121959552,0.625139534,0.274624944,0.63547498,0.069178678,0.312667817,-0.582592487,0.181336358,-0.208837301,NA,NA,NA,NA,NA
sub-A00077637,0.040431302,-0.175577968,0.371513098,0.201626331,0.340466261,0.098612972,0.371070415,-0.360751003,0.302963346,0.055186052,NA,NA,NA,NA,NA
sub-A00077734,0.742155373,0.151468068,0.847489893,0.364856422,0.691164613,-0.734638453,-0.392844379,-0.696345389,-0.054978367,-0.348846555,NA,NA,NA,NA,NA
sub-A00078238,0.288317561,0.601961434,0.789377034,-0.155697852,0.119646706,-0.292005926,-0.527415395,-0.557104707,0.178405523,0.108683027,NA,NA,NA,NA,NA
sub-A00078262,0.116441265,0.364072591,0.369028449,0.333275199,0.566964149,-0.045679577,-0.154657751,-0.450250864,5.90E-04,-0.267794669,NA,NA,NA,NA,NA
sub-A00079715,0.388245702,0.200271279,0.339742094,0.365302593,0.558416545,-0.084674649,0.09056522,-0.552630186,0.252969474,0.089964189,0.109039396,0.399975151,0.162075445,0.095298693,0.144533828
sub-A00079724,0.256676406,0.032669924,0.427059025,0.603282154,0.685963333,0.024386955,0.234619036,-0.517676532,-0.213882267,-0.327798516,NA,NA,NA,NA,NA
sub-A00079730,0.273851514,0.08647003,0.509828329,-0.16595535,0.18722406,-0.228444889,-0.102373481,-0.146067888,0.532178521,0.267922133,NA,NA,NA,NA,NA
sub-A00079747,0.778192341,0.095418371,0.841135979,0.534785151,0.50911808,-0.64482677,0.031712338,-0.680568516,-0.177329019,-0.195293099,NA,NA,NA,NA,NA
sub-A00079775,0.219622061,-0.019657472,0.644282877,0.15227513,0.071106732,0.038500372,0.021764552,-0.614183009,0.029614458,0.199716046,NA,NA,NA,NA,NA
sub-A00079777,0.387933195,-0.36611259,0.821173608,0.010115119,0.608111501,-0.181862742,0.39969328,-0.746416986,0.245292932,-0.305626512,0.172531128,0.327901781,0.126776904,0.219043151,0.207403138
sub-A00079850,0.314996153,0.253898025,0.410910159,0.325487435,0.39647755,0.208795115,-0.054161336,-0.087325342,0.203034073,0.068212062,NA,NA,NA,NA,NA
sub-A00080052,0.437559545,0.509827554,0.793813586,0.003071494,0.491406888,-0.170596078,-0.361203849,-0.411217511,0.082456261,0.021981644,0.355220824,0.289805293,0.444568396,0.111355849,0.422832906
sub-A00080428,0.487546414,0.503898442,0.56844002,0.366100907,0.490777969,-0.128783613,-0.114636265,-0.601011097,0.253523737,0.126262784,NA,NA,NA,NA,NA
sub-A00080811,-0.080856219,0.346484214,0.101656467,0.543766737,0.442809343,0.240557343,4.92E-05,-0.143129244,0.058242723,0.090051427,NA,NA,NA,NA,NA
sub-A00081098,0.331872523,0.269129962,0.508498192,0.316439569,0.375021338,0.15063487,-0.038332198,-0.196570188,0.258250386,0.35476619,NA,NA,NA,NA,NA
sub-A00081132,-0.283905089,0.154671207,0.638206601,-0.089068741,0.490547568,0.358825475,0.115407273,-0.639535487,0.41112572,-0.144992009,0.135307938,0.102698013,0.385709614,0.170847848,0.078986399
sub-A00081149,0.137845635,-0.04116584,0.260521561,-0.097950295,0.034051519,0.027593007,0.251130044,-0.103847548,0.409769386,0.296310872,NA,NA,NA,NA,NA
sub-A00081175,0.296170473,0.228828043,0.426381469,-0.05124782,0.444195539,0.058823716,0.015348488,-0.250983506,0.455604017,0.071121521,NA,NA,NA,NA,NA
sub-A00081239,0.294272125,-0.038241919,0.606742084,0.536655962,0.621795714,-0.136046186,0.172339872,-0.654572308,-0.064396158,-0.199399084,NA,NA,NA,NA,NA
sub-A00081243,0.44468233,0.28774032,0.595399201,0.344599634,0.555699646,-0.270239443,-0.206531882,-0.544177711,-0.078437865,-0.345805883,NA,NA,NA,NA,NA
sub-A00081253,0.536531508,0.176394895,0.580120981,0.581380367,0.6303128,-0.402669042,-0.005129166,-0.653651357,-0.352750003,-0.37073651,0.251451761,0.131434426,0.313188851,0.236080229,0.228743687
sub-A00081402,0.421632588,0.314193666,0.491884083,0.125776738,0.45160237,-0.31708619,-0.00800698,-0.688523531,0.370193213,0.185049966,NA,NA,NA,NA,NA
sub-A00081479,0.522082567,-0.140795648,0.729578018,0.082894437,0.580701292,-0.241751507,0.066728137,-0.619304717,0.294669867,-0.208275661,NA,NA,NA,NA,NA
sub-A00081544,0.547807097,0.17108871,0.515257299,0.517049134,0.690327644,-0.324375182,0.004773683,-0.300204962,-0.114094287,-0.456705511,0.122235402,0.160328791,0.2722601,0.221652135,0.183996916
sub-A00081616,0.274708629,-0.04602354,0.447316259,0.287514806,0.775402308,-0.333388448,-0.220049217,-0.648034811,0.055355333,-0.336254448,NA,NA,NA,NA,NA
sub-A00081719,0.039139993,0.257039249,0.137194201,0.218999147,0.424930543,0.053041589,-0.135531157,-0.13956441,-0.04306392,-0.168044031,0.090578578,0.176416725,-0.069417819,0.230914623,0.064347595
sub-A00081721,0.247752666,-0.006485144,0.600659788,-0.338695586,0.376636088,-0.146153614,0.102878854,-0.565905333,0.626668751,-0.032268688,NA,NA,NA,NA,NA
sub-A00081724,0.445175052,0.295619905,0.562858105,0.24040854,0.299867988,-0.270403534,-0.060211577,-0.289741039,0.170622349,0.0970985,0.203373343,0.303634644,0.171570152,0.310427159,0.144701824
sub-A00081725,0.57831192,0.048161257,0.729836762,0.110054858,0.732902706,-0.377782643,0.224644318,-0.751136065,0.13809447,-0.527511537,NA,NA,NA,NA,NA
sub-A00081729,0.391060799,0.157948807,0.644561827,0.39617306,0.598217726,0.087003931,-0.123978637,-0.390675217,0.05006757,-0.076695189,0.210938513,0.091537572,0.377236187,0.057850491,0.253964096
sub-A00081734,0.405307293,0.152117372,0.472476691,-0.143076882,0.3689529,-0.207908899,-0.306917876,-0.101874709,0.544242084,0.168849468,0.114268422,0.262862176,0.303858489,0.173897162,0.26077956
sub-A00081735,0.338014364,-0.264358252,0.713588119,0.40446952,-0.204467654,-0.399219662,-0.198135898,-0.387045622,0.364263564,-0.496854722,NA,NA,NA,NA,NA
sub-A00081777,0.269380718,0.188684061,0.433767885,0.036488909,0.318400234,0.052143399,-0.249755487,-0.1690602,0.312651098,0.168081939,NA,NA,NA,NA,NA
sub-A00081785,0.196854129,0.108177342,0.736343443,-0.157586917,0.429217875,0.208506837,0.073051937,-0.503517985,0.537811875,0.102430604,0.223125234,0.279266834,0.24515903,0.360542417,0.265295684
sub-A00081846,0.085639887,0.193565711,0.847064257,-0.351281017,0.350487798,-0.146666467,-0.105234936,-0.758791924,0.540782809,3.67E-04,NA,NA,NA,NA,NA
sub-A00081962,-0.019954368,0.349343538,0.511135101,0.198027477,0.387911677,0.10701628,-0.29013285,-0.280497283,0.144126803,0.035830248,NA,NA,NA,NA,NA
sub-A00082216,0.551853478,0.226880357,0.572131217,0.435311496,0.628842354,-0.212660193,-0.048655141,-0.490584195,-0.02611379,-0.226461962,NA,NA,NA,NA,NA
sub-A00082442,0.315928608,0.340209633,0.543259919,0.498542994,0.701278925,-0.11839439,-0.112873964,-0.615882933,-0.129906282,-0.394169211,NA,NA,NA,NA,NA
sub-A00082524,0.396701336,0.025968021,0.306371868,0.292046517,0.438194096,-0.186406538,0.131558806,-0.566668451,0.032573033,-0.067936897,0.081966788,0.209722966,0.127585635,0.15315187,0.201602027
sub-A00082554,0.500306308,0.46263656,0.728692532,-0.002648878,0.603199184,-0.282875121,-0.328786731,-0.573652625,0.222668737,-0.235558107,0.254924208,0.218322158,0.611327291,-0.077677622,0.358790398
sub-A00082563,0.565869987,0.416600496,0.451433152,-0.232296884,0.482316703,-0.29355374,-0.33792004,-0.296265721,0.554780364,-0.145571679,NA,NA,NA,NA,NA
sub-A00082580,0.213056445,-0.076093949,0.603279233,-0.007302764,0.351451457,0.036927566,0.195149809,-0.380645752,0.307507068,-0.014676717,-0.053275365,0.2822963,0.044616506,0.120465964,0.115912318
sub-A00082590,0.571962595,0.14882575,0.751354575,0.408359826,0.545479894,-0.331874669,-0.122583359,-0.695405543,-0.236495644,-0.291116565,0.061338354,0.039445132,0.244710267,0.091943271,0.122327834
sub-A00082619,0.291988522,-0.054851599,0.472034931,0.11117097,0.025880516,-0.035199031,0.32747668,-0.311440051,0.233377919,0.346669793,0.171320409,0.233854085,0.117104381,0.154967159,0.056955494
sub-A00082662,0.585521102,0.135700867,0.607916415,0.408562064,0.394898742,-0.294358194,0.114122622,-0.618613183,0.081449404,0.011485446,0.048678409,0.059623558,0.151710451,0.079162396,0.172295377
sub-A00082672,0.569317281,-0.199436039,0.733295262,0.308637261,0.331360132,-0.316147864,0.045616791,-0.683422744,-0.015418191,0.008070515,NA,NA,NA,NA,NA
sub-A00082734,0.320205331,-0.181199715,0.467590541,0.22519511,0.404531181,0.087556571,0.196298853,-0.315486848,0.319772065,0.184793398,NA,NA,NA,NA,NA
sub-A00082807,0.523182809,0.047911901,0.714019716,0.368924618,0.644127011,-0.256617129,0.034460083,-0.56711632,0.161922306,-0.209729299,0.295001298,0.19006817,0.326286197,0.427161455,0.419278771
sub-A00083109,0.448003471,-0.141376495,0.753318667,0.100917004,0.569763005,0.116300315,0.104805022,-0.42230472,0.450080335,-0.076177374,NA,NA,NA,NA,NA
sub-A00083138,0.460345,0.003840611,0.644427955,0.096407726,0.475381732,-0.03931196,0.286935538,-0.702273786,0.385727853,-0.050703567,NA,NA,NA,NA,NA
sub-A00083142,-0.059241172,-0.040558785,0.688935697,0.002389061,0.33242622,0.06725096,0.277425319,-0.585675478,0.068960965,9.97E-04,NA,NA,NA,NA,NA
sub-A00083162,0.565376341,0.098239824,0.54249239,0.518089175,0.310507715,0.008947382,0.311302394,-0.226016358,0.122628413,-0.401196063,NA,NA,NA,NA,NA
sub-A00083389,0.065701716,0.027448952,0.640032172,0.070995547,0.406628728,0.101490639,0.051053733,-0.600375235,0.18178679,-0.04100718,NA,NA,NA,NA,NA
sub-A00083419,0.375278771,0.054346129,0.572803378,-0.043488026,0.394539922,-0.16173476,0.214465201,-0.274889499,0.492423892,0.124070972,NA,NA,NA,NA,NA
sub-A00083574,0.578640938,0.085160568,0.434728444,0.61316663,0.529022217,0.002294305,0.133344635,-0.277368426,0.009064206,0.208583459,NA,NA,NA,NA,NA
sub-A00083687,0.417754412,-0.139690608,0.362621278,0.370888144,0.524865329,-0.127677932,0.053591385,0.10661082,0.25050804,0.095985845,NA,NA,NA,NA,NA
sub-A00083847,0.374177754,-0.054525096,0.114625268,0.378840268,0.505033851,-0.089914508,0.051830925,-0.26780498,0.220673874,-0.009570458,-0.064172015,0.143937513,0.165257588,0.03292701,-0.055356059
sub-A00083923,-0.247363463,0.057298779,0.696940958,-0.144404858,0.096579641,0.311881483,-0.059498977,-0.55106312,0.269668311,0.162981629,NA,NA,NA,NA,NA
sub-A00083952,0.105816901,-0.002106909,0.540225506,-0.142452285,0.003245688,-0.087283373,0.004519538,-0.337048471,0.289010227,0.339502811,NA,NA,NA,NA,NA
sub-A00083967,0.674187601,0.565086722,0.738902688,-0.140327677,0.498333305,-0.488165557,-0.431491226,-0.608312488,0.445541799,-0.159469128,NA,NA,NA,NA,NA
sub-A00083982,0.308649957,0.436318159,0.446212441,0.231893986,0.458061069,-0.1837634,-0.341293097,-0.503819585,0.107869528,-0.057350047,NA,NA,NA,NA,NA
sub-A00083983,0.033236854,0.061921455,0.587887943,0.016565053,0.430144668,0.217108369,-0.042469349,-0.443864703,0.48022604,0.119651914,NA,NA,NA,NA,NA
sub-A00084901,0.30568856,0.021824526,0.428998262,0.024061972,0.326081187,-0.080177851,0.022187036,-0.288518608,0.328704149,0.076254681,NA,NA,NA,NA,NA
sub-A00084956,0.594601274,-0.196379766,0.476013929,0.573615491,0.695192635,-0.347513855,-0.037024878,-0.49990353,-0.175152659,-0.242073268,NA,NA,NA,NA,NA
sub-A00085052,0.129635602,0.255912036,0.550356507,-0.27278617,0.470418543,0.012254654,-0.318669528,-0.456241071,0.508015335,-0.055875599,0.061123092,0.129533574,0.124408938,0.259513259,0.141772777
sub-A00085066,0.366207659,0.24232395,0.469681829,0.226790801,0.325000703,0.041203111,-0.031725802,-0.523813844,0.090965092,0.064462587,0.140488893,0.094636351,0.090975262,0.035608664,0.081250422
sub-A00085095,0.04943759,0.065814085,0.636910439,0.21219036,0.0778303,-0.060190186,-0.070153974,-0.540358186,0.115822464,0.26518479,NA,NA,NA,NA,NA
sub-A00085297,0.366472691,0.248295531,0.351278871,0.191814244,0.480464339,-0.068661459,0.125761569,-0.196959585,0.157516465,-0.093995057,0.084237792,0.081621192,0.119725883,0.087275676,0.086946972
sub-A00085406,0.223514676,0.427500576,0.293599874,0.375671953,0.574672401,0.038955193,-0.165353984,-0.322766364,0.129426539,-0.135810003,NA,NA,NA,NA,NA
sub-A00085796,0.439611584,0.320002258,0.140807837,0.59231478,0.630701482,-0.120697863,-0.179642707,-0.233605757,-0.164193839,-0.225120455,NA,NA,NA,NA,NA
sub-A00085797,-0.003106155,-0.0333925,0.320227414,0.004084453,-0.077682093,0.332993209,0.281857073,-0.35510847,0.381787241,0.450663179,NA,NA,NA,NA,NA
sub-A00085828,0.375415683,0.382865906,0.449492961,0.186217979,0.682841837,-0.05916106,-0.040802781,-0.50581795,0.224110708,-0.16379723,0.140743822,0.165395513,0.117067985,0.282473803,0.376296759
sub-A00085906,0.332277864,0.265963942,0.224390656,0.393155783,0.553737044,0.318918765,0.270568699,-0.591393352,0.336693555,0.181260407,NA,NA,NA,NA,NA
sub-A00085907,0.391994685,-0.360647738,0.720093429,0.411018401,0.43852514,-0.150736779,0.236699253,-0.542837977,-0.168208465,-0.132337898,0.212923571,0.15801245,0.477003098,0.145349249,0.095321447
sub-A00085927,0.2356949,-0.012724008,0.352014244,0.176768661,0.450101286,-0.069386035,0.050153613,-0.365745902,0.006355862,-0.097297005,NA,NA,NA,NA,NA
sub-A00085951,-0.09024597,0.173768833,0.882502794,-0.177267611,0.652479172,-0.023487879,-0.151438341,-0.80762285,0.392716348,-0.325859874,NA,NA,NA,NA,NA
sub-A00086238,0.440796912,0.215724587,0.464912802,0.191401154,0.453493625,0.076611817,0.041438084,-0.500787973,0.385867417,0.145683572,NA,NA,NA,NA,NA
sub-A00086259,-0.047015108,0.031173231,0.788429081,0.202308521,0.5598948,0.134362295,0.00108847,-0.76538986,0.006374972,-0.253565162,NA,NA,NA,NA,NA
sub-A00082215,0.48805055,0.53138876,0.837920427,0.426119775,0.575366676,-0.177273721,-0.279088944,-0.638107181,-0.148123413,-0.322377741,0.366461813,0.386201739,0.406725824,0.340466082,0.298711687
sub-A00056098,0.156266585,0.193991527,0.723202348,0.20716612,0.527598023,0.014105264,-0.195687339,-0.716847777,0.095779836,-0.244114071,NA,NA,NA,NA,NA